<?xml version="1.0" encoding="UTF-8"?>
<!DOCTYPE sqlMap PUBLIC "-//iBATIS.com//DTD SQL Map 2.0//EN" "http://www.ibatis.com/dtd/sql-map-2.dtd">

<sqlMap namespace="Main">
	
	<resultMap id="mainMap" class="map">
	    <result property="p_rcv_json"  column="p_rcv_json"  javaType="java.lang.String"   jdbcType="CLOB"     />
        <result property="p_ret_code"  column="p_ret_code"  javaType="java.lang.Integer"  jdbcType="DECIMAL"  />
        <result property="p_ret_json"  column="p_ret_json"  javaType="java.lang.String"   jdbcType="VARCHAR"     />
        <result property="p_ret_msg"   column="p_ret_msg"   javaType="java.lang.String"   jdbcType="VARCHAR"  />
	</resultMap>

<!-- 	<resultMap id="mainMap" class="com.ubizit.ila.model.MainVO"> -->
<!-- 	    <result property="p_rcv_json"  column="P_RCV_JSON" /> -->
<!--         <result property="p_ret_code"  column="P_RET_CODE" /> -->
<!--         <result property="p_ret_json"  column="P_RET_JSON" /> -->
<!--         <result property="p_ret_msg"   column="P_RET_MSG"  /> -->
<!-- 	</resultMap> -->
	
	<parameterMap id="mainParamMap" class="map">
	    <parameter property="p_rcv_json"  javaType="java.lang.String"   jdbcType="CLOB"      mode="IN"    />
        <parameter property="p_ret_code"  javaType="java.lang.Integer"  jdbcType="DECIMAL"   mode="OUT"   />
        <parameter property="p_ret_json"  javaType="java.lang.String"   jdbcType="CLOB"      mode="OUT"   />
        <parameter property="p_ret_msg"   javaType="java.lang.String"   jdbcType="VARCHAR"   mode="OUT"   />
	</parameterMap>
	
	<procedure id="main.excute" parameterMap="mainParamMap" resultMap="mainMap">
        <![CDATA[
            {CALL P_MAIN(?, ?, ?, ?)}
        ]]>
    </procedure>
	
</sqlMap>
