<?xml version="1.0" encoding="UTF-8"?>
<!DOCTYPE sqlMapConfig PUBLIC "-//iBATIS.com//DTD SQL Map Config 2.0//EN" "http://www.ibatis.com/dtd/sql-map-config-2.dtd">

<sqlMapConfig>
	<sqlMap resource="sqlmap/mappers/Analysis.xml"/>
	<sqlMap resource="sqlmap/mappers/Error.xml"/>
	<sqlMap resource="sqlmap/mappers/Image.xml"/>
	<sqlMap resource="sqlmap/mappers/Label.xml"/>
	<sqlMap resource="sqlmap/mappers/Main.xml"/>
	<sqlMap resource="sqlmap/mappers/Progress.xml"/>
	<sqlMap resource="sqlmap/mappers/Project.xml"/>
	<sqlMap resource="sqlmap/mappers/Psg.xml"/>
	<sqlMap resource="sqlmap/mappers/User.xml"/>
	<sqlMap resource="sqlmap/mappers/Login.xml"/>
	<sqlMap resource="sqlmap/mappers/Mission.xml"/>
</sqlMapConfig>
