<?xml version="1.0" encoding="UTF-8"?>
<!DOCTYPE sqlMap PUBLIC "-//iBATIS.com//DTD SQL Map 2.0//EN" "http://www.ibatis.com/dtd/sql-map-2.dtd">

<sqlMap namespace="Analysis">

    <typeAlias alias="egovMap"  type="egovframework.rte.psl.dataaccess.util.EgovMap"/>
	<typeAlias alias="analysis" type="com.ubizit.mla.model.AnalysisVO" />
	<typeAlias alias="analysisEvent" type="com.ubizit.mla.model.AnalysisEventVO" />
	
	<resultMap id="analysisVO" class="com.ubizit.mla.model.AnalysisVO">
        <result property="psg_id"           column="PSG_ID" />	
        <result property="done_yn"          column="DONE_YN" />
        <result property="chk_res"          column="CHK_RES" />
        <result property="res_desc"         column="RES_DESC" />
        <result property="same_yn"          column="SAME_YN" />	
        <result property="done_same_yn"     column="DONE_SAME_YN" />	
        <result property="user_id_list"     column="USER_ID_LIST" />
        <result property="user_name_list"   column="USER_NAME_LIST" />
        <result property="user_memo_list"   column="USER_MEMO_LIST" />
	</resultMap>
	
	<resultMap id="analysisEventVO" class="com.ubizit.mla.model.AnalysisEventVO">
        <result property="event_seq"        column="EVENT_SEQ" />	
        <result property="event_nm"         column="EVENT_NM" />
        <result property="event_tp_nm"      column="EVENT_TP_NM" />
        <result property="event_note"       column="EVENT_NOTE" />
        <result property="beg_sec"          column="BEG_SEC" />
        <result property="end_sec"          column="END_SEC" />
        <result property="beg_dt"           column="BEG_DT" />
        <result property="end_dt"           column="END_DT" />
<!--         <result property="beg_ts"           column="BEG_TS" /> -->
<!--         <result property="end_ts"           column="END_TS" /> -->
        <result property="elapsed_sec"      column="ELAPSED_SEC" />
        <result property="beg_epo_no"       column="BEG_EPO_NO" />
        <result property="end_epo_no"       column="END_EPO_NO" />
        <result property="chk_res"          column="CHK_RES" />
        <result property="memo"             column="MEMO" />
        <result property="work_date"        column="WORK_DATE" />
	</resultMap>
	
	<parameterMap id="analysisMap" class="map">
	    <parameter property="p_rcv_json" javaType="java.lang.String"   jdbcType="VARCHAR"      mode="IN"    />
        <parameter property="p_ret_code" javaType="java.lang.Integer"  jdbcType="DECIMAL"      mode="OUT"   />
        <parameter property="p_ret_msg"  javaType="java.lang.String"   jdbcType="VARCHAR"      mode="OUT"   />
        <parameter property="p_ret_json" javaType="java.sql.ResultSet" jdbcType="ORACLECURSOR" mode="OUT" resultMap="analysisVO"/>
	</parameterMap>
	
	<parameterMap id="analysisEventMap" class="map">
	    <parameter property="p_rcv_json" javaType="java.lang.String"   jdbcType="VARCHAR"      mode="IN"    />
        <parameter property="p_ret_code" javaType="java.lang.Integer"  jdbcType="DECIMAL"      mode="OUT"   />
        <parameter property="p_ret_msg"  javaType="java.lang.String"   jdbcType="VARCHAR"      mode="OUT"   />
        <parameter property="p_ret_json" javaType="java.sql.ResultSet" jdbcType="ORACLECURSOR" mode="OUT" resultMap="analysisEventVO"/>
	</parameterMap>
	
	<statement id="analysisDAO.getProjectList" parameterClass="string" resultClass="egovMap">
	    <![CDATA[
	        SELECT PROJECT_CD, PROJECT_NM AS PROJECT_NAME
		      FROM MST_PROJECT
		     WHERE DELETE_FG = 'N'
		       AND PROJECT_CD LIKE '%' || #project_cd# || '%'
		     ORDER BY PROJECT_CD ASC
        ]]>
	</statement>
	
	<statement id="analysis.psgUser" parameterClass="java.util.Map" resultClass="egovMap">
	    <![CDATA[
	        SELECT W.USER_ID, (SELECT USER_NM FROM MSV_USER WHERE USER_ID = W.USER_ID) USER_NM
              FROM WKV_EVENT_RESULT W
			 WHERE W.PROJECT_CD = #project_cd#
			   AND W.PSG_ID = #psg_id#
			 GROUP BY W.USER_ID
        ]]>
	</statement>
	
	<statement id="analysis.videoPath" parameterClass="java.util.Map" resultClass="egovMap">
	    <![CDATA[
	        SELECT W.FILE_NAME, W.VIDEO_FILE_PATH
              FROM MST_PSG W
			 WHERE W.PROJECT_CD = #project_cd#
			   AND W.PSG_ID = #psg_id#
        ]]>
	</statement>
	
    <procedure id="analysis.crosschk" parameterMap="analysisMap" resultClass="analysis">
        <![CDATA[
            {CALL P_W_GET_CROSS_CHECK(?, ?, ?, ?)}
        ]]>
    </procedure>
	
    <procedure id="analysis.eventList" parameterMap="analysisEventMap" resultClass="analysisEvent">
        <![CDATA[
            {CALL P_W_GET_CROSS_CHECK_EVENT(?, ?, ?, ?)}
        ]]>
    </procedure>

    <!-- 프로젝트별 교차 검증 pass/non-pass 엑셀다운로드 -->
    <statement id="analysis.excelDown" parameterClass="java.util.Map" resultClass="java.util.HashMap">
        <![CDATA[
			SELECT PROJECT_CD, PROJECT_NM, IMAGE_ID
			     , USER_NAME_LIST, USER_VALUE_LIST
			     , CASE WHEN LABEL_COUNT = 1 AND LABEL_CD IS NOT NULL THEN '○' ELSE 'X' END RESULT
			FROM (
			    SELECT V.PROJECT_CD, V.PROJECT_NM, V.IMAGE_ID, V.TARGET_CD, V.LABELING_ORD
			         , LISTAGG(TRIM(V.USER_NM), '/') WITHIN GROUP(ORDER BY V.USER_NM)AS USER_NAME_LIST
			         , LISTAGG(NVL(CASE WHEN V.LABEL_CD = 0 THEN 'Pass'
			                            WHEN V.LABEL_CD = 1 THEN 'Non-pass'
			                        ELSE '' END, ' '), '/') WITHIN GROUP(ORDER BY V.USER_NM)AS USER_VALUE_LIST
			         , MIN(V.LABEL_CD) AS LABEL_CD
			         , COUNT(DISTINCT NVL(V.LABEL_CD,-1)) AS LABEL_COUNT
			    FROM V_WRK_LABELING_RESULT2 V, WRK_PROJECT_USER W
			    WHERE V.PROJECT_CD = W.PROJECT_CD
			      AND V.USER_ID = W.USER_ID
			      AND W.IS_EXPT = 'N' AND W.DELETE_FG = 'N'
			    GROUP BY V.PROJECT_CD, V.PROJECT_NM, V.IMAGE_ID, V.LABELING_ORD, V.TARGET_CD
			    )
			ORDER BY PROJECT_CD, IMAGE_ID
        ]]>
    </statement>

    <statement id="analysis.excelDown.cnt" parameterClass="java.util.Map" resultClass="int">
        <![CDATA[
			SELECT MAX(USER_CNT) AS USER_CNT
			FROM (
				SELECT V.PROJECT_CD, V.PROJECT_NM, V.IMAGE_ID, V.TARGET_CD, V.LABELING_ORD
				     , LISTAGG(TRIM(V.USER_NM), ',') WITHIN GROUP(ORDER BY V.USER_NM)AS USER_NAME_LIST
				     , COUNT(V.USER_NM) AS USER_CNT
				FROM V_WRK_LABELING_RESULT2 V, WRK_PROJECT_USER W
				WHERE V.PROJECT_CD = W.PROJECT_CD
				  AND V.USER_ID = W.USER_ID
				  AND W.IS_EXPT = 'N' AND W.DELETE_FG = 'N'
				GROUP BY V.PROJECT_CD, V.PROJECT_NM, V.IMAGE_ID, V.LABELING_ORD, V.TARGET_CD
				)
        ]]>
    </statement>

    <statement id="analysis.event.excelDown" parameterClass="java.util.Map" resultClass="java.util.HashMap">
        <![CDATA[
		    SELECT A.EVENT_SEQ, A.EVENT_NM, A.EVENT_TP_NM, A.EVENT_NOTE
		         , MOD(TRUNC(A.BEG_SEC/3600),24) || ':' || TO_CHAR(TRUNC(MOD(A.BEG_SEC,3600)/60),'FM00') || ':' || TO_CHAR(MOD(A.BEG_SEC,60),'FM00') BEG_SEC
		         , MOD(TRUNC(A.END_SEC/3600),24) || ':' || TO_CHAR(TRUNC(MOD(A.END_SEC,3600)/60),'FM00') || ':' || TO_CHAR(MOD(A.END_SEC,60),'FM00') END_SEC
		         , A.ELAPSED_SEC, A.BEG_EPO_NO, A.END_EPO_NO, A.CHK_RES, A.MEMO
		         , TO_CHAR(TO_DATE(A.WORK_DATE,'YYYYMMDD'),'YYYY-MM-DD') WORK_DATE
		    FROM (
		        SELECT W.EVENT_SEQ
		             , W.EVENT_NM
		             , W.EVENT_TP_NM
		             , W.EVENT_NOTE
		             , CASE WHEN W.M_BEG_SEC IS NULL THEN W.BEG_SEC
		                    ELSE W.M_BEG_SEC
		                END BEG_SEC
		             , CASE WHEN W.M_END_SEC IS NULL THEN W.END_SEC
		                    ELSE W.M_END_SEC
		                END END_SEC
		             , CASE WHEN W.M_ELAPSED_SEC IS NULL THEN W.ELAPSED_SEC
		                    ELSE W.M_ELAPSED_SEC
		                END ELAPSED_SEC
		             , CASE WHEN W.M_BEG_EPO_NO IS NULL THEN W.BEG_EPO_NO
		                    ELSE W.M_BEG_EPO_NO
		                END BEG_EPO_NO
		             , CASE WHEN W.M_END_EPO_NO IS NULL THEN W.END_EPO_NO
		                    ELSE W.M_END_EPO_NO
		                END END_EPO_NO
		             , CASE WHEN W.CHK_RES = 'N' THEN 'NG'
		                    WHEN W.CHK_RES = 'Y' THEN 'OK'
		                END CHK_RES
		             , W.MEMO
		             , W.WORK_DATE
		        FROM WKV_EVENT_RESULT W
		        WHERE W.PROJECT_CD = #project_cd#
		          AND W.PSG_ID = #psg_id#
		          AND W.USER_ID = #user_id#
		        ) A
		    ORDER BY A.EVENT_SEQ			
        ]]>
    </statement>
    
</sqlMap>
