<?xml version="1.0" encoding="UTF-8"?>
<!DOCTYPE sqlMap PUBLIC "-//iBATIS.com//DTD SQL Map 2.0//EN" "http://www.ibatis.com/dtd/sql-map-2.dtd">

<sqlMap namespace="Login">

    <typeAlias alias="login" type="com.ubizit.mla.model.LoginVO" />
    
    <resultMap id="loginVO" class="com.ubizit.mla.model.LoginVO">
       <result property="mission_cd"     column="MISSION_CD" />
       <result property="user_id"        column="USER_ID" />
       <result property="user_nm"        column="USER_NM" />
       <result property="is_manager"     column="IS_MANAGER" />
    </resultMap>

    <parameterMap id="loginMap" class="map">
        <parameter property="p_rcv_json" javaType="java.lang.String"   jdbcType="VARCHAR"      mode="IN"    />
        <parameter property="p_ret_code" javaType="java.lang.Integer"  jdbcType="DECIMAL"      mode="OUT"   />
        <parameter property="p_ret_msg"  javaType="java.lang.String"   jdbcType="VARCHAR"      mode="OUT"   />
        <parameter property="p_ret_json" javaType="java.lang.String"   jdbcType="VARCHAR"      mode="OUT"   />
    </parameterMap> 
    
    <procedure id="login.info" parameterMap="loginMap" resultClass="login">
        <![CDATA[
            {CALL P_W_LOGIN(?, ?, ?, ?)}
        ]]>
    </procedure>
	
</sqlMap>
