<?xml version="1.0" encoding="UTF-8"?>
<!DOCTYPE sqlMap PUBLIC "-//iBATIS.com//DTD SQL Map 2.0//EN" "http://www.ibatis.com/dtd/sql-map-2.dtd">

<sqlMap namespace="Mission">

    <typeAlias alias="mission"          type="com.ubizit.mla.model.MissionVO" />
    <typeAlias alias="missionProgress"  type="com.ubizit.mla.model.MissionProgressVO" />
    
    <typeAlias alias="misWM"           type="com.ubizit.mla.model.MainWMVO" />

	<resultMap id="missionVO" class="com.ubizit.mla.model.MissionVO">
	   <result property="week_base"        column="WEEK_BASE"        />
	   <result property="pass_rate"        column="PASS_RATE"        />
	   <result property="pass_cnt_rate"    column="PASS_CNT_RATE"    />
	   <result property="beg_date"         column="BEG_DATE"         />
	   <result property="end_date"         column="END_DATE"         />
	   <result property="plan_cnt"         column="PLAN_CNT"         />
	</resultMap>

    <resultMap id="missionProgressVO" class="com.ubizit.mla.model.MissionProgressVO">
       <result property="base_date"        column="BASE_DATE"        />
       <result property="psg_cnt"          column="PSG_CNT"          />
       <result property="event_cnt"        column="EVENT_CNT"        />
       <result property="work_cnt"         column="WORK_CNT"         />
       <result property="same_cnt"         column="SAME_CNT"         />
       <result property="pass_cnt"         column="PASS_CNT"         />
       <result property="event_work_cnt"   column="EVENT_WORK_CNT"   />
       <result property="event_ok_cnt"     column="EVENT_OK_CNT"     />
       <result property="event_ng_cnt"     column="EVENT_NG_CNT"     />
    </resultMap>
    
    <resultMap id="misWMVO" class="com.ubizit.mla.model.MainWMVO">
       <result property="wm"                    column="WM"                    />
       <result property="month"                 column="MONTH"                 />
       <result property="week_start"            column="WEEK_START"            />
       <result property="week_end"              column="WEEK_END"              />
       <result property="week_of_month"         column="WEEK_OF_MONTH"         />
       <result property="psg_cnt"               column="PSG_CNT"               />
       <result property="work_cnt"              column="WORK_CNT"              />
       <result property="pass_cnt"              column="PASS_CNT"              />
    </resultMap>

    <parameterMap id="missionCommMap" class="map">
        <parameter property="p_rcv_json" javaType="java.lang.String"   jdbcType="VARCHAR"      mode="IN"    />
        <parameter property="p_ret_code" javaType="java.lang.Integer"  jdbcType="DECIMAL"      mode="OUT"   />
        <parameter property="p_ret_msg"  javaType="java.lang.String"   jdbcType="VARCHAR"      mode="OUT"   />
    </parameterMap>
    
    <parameterMap id="missionMap" class="map">
        <parameter property="p_rcv_json" javaType="java.lang.String"   jdbcType="VARCHAR"      mode="IN"    />
        <parameter property="p_ret_code" javaType="java.lang.Integer"  jdbcType="DECIMAL"      mode="OUT"   />
        <parameter property="p_ret_msg"  javaType="java.lang.String"   jdbcType="VARCHAR"      mode="OUT"   />
        <parameter property="p_ret_json" javaType="java.sql.ResultSet" jdbcType="ORACLECURSOR" mode="OUT" resultMap="missionVO"/>
    </parameterMap>

    <parameterMap id="missionProgressMap" class="map">
        <parameter property="p_rcv_json" javaType="java.lang.String"   jdbcType="VARCHAR"      mode="IN"    />
        <parameter property="p_ret_code" javaType="java.lang.Integer"  jdbcType="DECIMAL"      mode="OUT"   />
        <parameter property="p_ret_msg"  javaType="java.lang.String"   jdbcType="VARCHAR"      mode="OUT"   />
        <parameter property="p_ret_json" javaType="java.sql.ResultSet" jdbcType="ORACLECURSOR" mode="OUT" resultMap="missionProgressVO"/>
    </parameterMap>

    <parameterMap id="misWMMap" class="map">
        <parameter property="p_rcv_json" javaType="java.lang.String"   jdbcType="VARCHAR"      mode="IN"    />
        <parameter property="p_ret_code" javaType="java.lang.Integer"  jdbcType="DECIMAL"      mode="OUT"   />
        <parameter property="p_ret_msg"  javaType="java.lang.String"   jdbcType="VARCHAR"      mode="OUT"   />
        <parameter property="p_ret_json" javaType="java.sql.ResultSet" jdbcType="ORACLECURSOR" mode="OUT" resultMap="misWMVO"/>
    </parameterMap>

    <statement id="missionDAO.getSumMProgress" resultClass="egovMap">
        <![CDATA[
            SELECT SUM(PSG_CNT) || ' 건'         PSG_SUM
			     , SUM(EVENT_CNT) || ' 건'       EVENT_SUM
			     , SUM(WORK_CNT) || ' 건'        WORK_SUM
			     , SUM(SAME_CNT) || ' 건'        SAME_SUM
			     , SUM(PASS_CNT) || ' 건'        PASS_SUM
			     , SUM(EVENT_WORK_CNT) || ' 건'  EVENT_WORK_SUM
			     , SUM(EVENT_OK_CNT) || ' 건'    EVENT_OK_SUM
			     , SUM(EVENT_NG_CNT) || ' 건'    EVENT_NG_SUM
            FROM WKV_MISSION_PROGRESS
        ]]>
    </statement>
    
    <statement id="mission.excelDown" resultClass="java.util.HashMap">
        <![CDATA[
			SELECT NVL(TO_CHAR(TO_DATE(BASE_DATE,'YYYYMMDD'),'YYYY-MM-DD'),'합  계') BASE_DATE
			     , SUM(PSG_CNT)          PSG_CNT
			     , SUM(WORK_CNT)         WORK_CNT
			     , SUM(SAME_CNT)         SAME_CNT
			     , SUM(PASS_CNT)         PASS_CNT
			     , SUM(EVENT_CNT)        EVENT_CNT
			     , SUM(EVENT_WORK_CNT)   EVENT_WORK_CNT
			     , SUM(EVENT_OK_CNT)     EVENT_OK_CNT
			     , SUM(EVENT_NG_CNT)     EVENT_NG_CNT
			FROM WKV_MISSION_PROGRESS
			GROUP BY ROLLUP (BASE_DATE)
        ]]>
    </statement>
  
	<procedure id="mission.info" parameterMap="missionMap" resultClass="mission">
	   <![CDATA[
            {CALL P_W_GET_MISSION_INFO(?, ?, ?, ?)}
       ]]>
	</procedure>
  
	<procedure id="mission.progress" parameterMap="missionProgressMap" resultClass="missionProgress">
	   <![CDATA[
            {CALL P_W_GET_MISSION_PROGRESS(?, ?, ?, ?)}
       ]]>
	</procedure>
  
	<procedure id="mission.wmAcm.chart" parameterMap="misWMMap" resultClass="misWM">
	   <![CDATA[
            {CALL P_W_GET_MISSION_WMAUM_CHART(?, ?, ?, ?)}
       ]]>
	</procedure>
	
    <procedure id="mission.save" parameterMap="missionCommMap" >
        <![CDATA[
            {CALL P_W_UPDATE_MISSION_LIST(?, ?, ?)}
        ]]>
    </procedure>    
	
</sqlMap>
