<?xml version="1.0" encoding="UTF-8"?>
<!DOCTYPE sqlMap PUBLIC "-//iBATIS.com//DTD SQL Map 2.0//EN" "http://www.ibatis.com/dtd/sql-map-2.dtd">

<sqlMap namespace="Project">

    <typeAlias alias="egovMap"  type="egovframework.rte.psl.dataaccess.util.EgovMap"/>
    <typeAlias alias="project" type="com.ubizit.mla.model.ProjectVO" />
    <typeAlias alias="projectDetail" type="com.ubizit.mla.model.ProjectDetailVO" />
    <typeAlias alias="projectRead" type="com.ubizit.mla.model.ProjectReadVO" />
	
	<resultMap id="projectVO" class="com.ubizit.mla.model.ProjectVO">
		<result property="project_cd"         column="PROJECT_CD"        />   
		<result property="project_nm"         column="PROJECT_NM"        />   
		<result property="project_user_cnt"   column="PROJECT_USER_CNT"  />   
		<result property="data_dir"           column="DATA_DIR"          />   
		<result property="complete_yn"        column="COMPLETE_YN"       />
		<result property="psg_cnt"            column="PSG_CNT"           />   
		<result property="event_cnt"          column="EVENT_CNT"         />   
		<result property="delete_fg"          column="DELETE_FG"         />
		<result property="psg_reg_date"       column="PSG_REG_DATE"      />   
		<result property="reg_dt"             column="REG_DT"            />
		<result property="reg_user_id"        column="REG_USER_ID"       />
	</resultMap>
	
	<resultMap id="projectDetailVO" class="com.ubizit.mla.model.ProjectDetailVO">
        <result property="project_cd"         column="PROJECT_CD"        />   
        <result property="project_nm"         column="PROJECT_NM"        />   
        <result property="user_cnt"           column="USER_CNT"          />   
        <result property="data_dir"           column="DATA_DIR"          />   
        <result property="complete_yn"        column="COMPLETE_YN"       />
        <result property="psg_cnt"            column="PSG_CNT"           />   
        <result property="event_cnt"          column="EVENT_CNT"         />   
        <result property="delete_fg"          column="DELETE_FG"         />
        <result property="psg_reg_date"       column="PSG_REG_DATE"      />   
        <result property="reg_dt"             column="REG_DT"            />
        <result property="reg_user_id"        column="REG_USER_ID"       />
	</resultMap>
	
	<resultMap id="projectReadVO" class="com.ubizit.mla.model.ProjectReadVO">
		<result property="user_id"            column="USER_ID"            />   
		<result property="user_nm"            column="USER_NM"            />   
		<result property="assign_date"        column="ASSIGN_DATE"        />   
		<result property="reg_user_id"        column="REG_USER_ID"        />
	</resultMap>
	
	<parameterMap id="projectCommMap" class="map">
	    <parameter property="p_rcv_json" javaType="java.lang.String"   jdbcType="VARCHAR"      mode="IN"    />
        <parameter property="p_ret_code" javaType="java.lang.Integer"  jdbcType="DECIMAL"      mode="OUT"   />
        <parameter property="p_ret_msg"  javaType="java.lang.String"   jdbcType="VARCHAR"      mode="OUT"   />
	</parameterMap>
	
	<parameterMap id="projectMap" class="map">
	    <parameter property="p_rcv_json" javaType="java.lang.String"   jdbcType="VARCHAR"      mode="IN"    />
        <parameter property="p_ret_code" javaType="java.lang.Integer"  jdbcType="DECIMAL"      mode="OUT"   />
        <parameter property="p_ret_msg"  javaType="java.lang.String"   jdbcType="VARCHAR"      mode="OUT"   />
        <parameter property="p_ret_json" javaType="java.sql.ResultSet" jdbcType="ORACLECURSOR" mode="OUT" resultMap="projectVO"/>
	</parameterMap>
	
	<parameterMap id="projectDetailMap" class="map">
	    <parameter property="p_rcv_json" javaType="java.lang.String"   jdbcType="VARCHAR"      mode="IN"    />
        <parameter property="p_ret_code" javaType="java.lang.Integer"  jdbcType="DECIMAL"      mode="OUT"   />
        <parameter property="p_ret_msg"  javaType="java.lang.String"   jdbcType="VARCHAR"      mode="OUT"   />
        <parameter property="p_ret_json" javaType="java.sql.ResultSet" jdbcType="ORACLECURSOR" mode="OUT" resultMap="projectDetailVO"/>
	</parameterMap>
	
	<parameterMap id="projectReadMap" class="map">
	    <parameter property="p_rcv_json" javaType="java.lang.String"   jdbcType="VARCHAR"      mode="IN"    />
        <parameter property="p_ret_code" javaType="java.lang.Integer"  jdbcType="DECIMAL"      mode="OUT"   />
        <parameter property="p_ret_msg"  javaType="java.lang.String"   jdbcType="VARCHAR"      mode="OUT"   />
        <parameter property="p_ret_json" javaType="java.sql.ResultSet" jdbcType="ORACLECURSOR" mode="OUT" resultMap="projectReadVO"/>
	</parameterMap>
	
	<statement id="projectDAO.user.search" parameterClass="string" resultClass="egovMap">
	    SELECT USER_ID, USER_NM
		  FROM MSV_USER
		 WHERE DELETE_FG = 'N'
	       AND (USER_NM LIKE '%' || #userName# || '%' OR USER_ID LIKE '%' || #userName# || '%')
		 ORDER BY USER_NM ASC
	</statement>

    <statement id="project.excelDown" parameterClass="Map" resultClass="java.util.HashMap">
        <![CDATA[
            SELECT P.PROJECT_CD, P.PROJECT_NM
                 , (SELECT COUNT(W.USER_ID) FROM WRK_PROJECT_USER W WHERE W.PROJECT_CD = P.PROJECT_CD AND W.DELETE_FG = 'N') AS PROJECT_USER_CNT
                 , P.DATA_DIR, NVL(P.PSG_CNT,0) PSG_CNT, NVL(P.EVENT_CNT,0) EVENT_CNT
                 , NVL(TO_CHAR(TO_DATE(P.PSG_REG_DATE, 'YYYY-MM-DD'), 'YYYY-MM-DD'),'-') AS PSG_REG_DATE
                 , P.COMPLETE_YN 
                 , TO_CHAR(P.REG_DT, 'YYYY-MM-DD') AS REG_DT
                 , NVL((SELECT U.USER_NM FROM MSV_USER U WHERE U.USER_ID = P.REG_USER_ID),P.REG_USER_ID) AS REG_USER_ID
                 , P.DELETE_FG
            FROM MSV_PROJECT P, WRK_PROJECT_USER W
            WHERE P.PROJECT_NM LIKE '%'|| #project_nm# ||'%'
              AND (((#project_cd# = '' OR #project_cd# IS NULL) AND 1=1) OR (#project_cd# IS NOT NULL AND P.PROJECT_CD LIKE '%'|| #project_cd# ||'%'))
              AND (((#complete_yn# = '' OR #complete_yn# IS NULL) AND 1=1) OR (#complete_yn# = 'Y' AND P.COMPLETE_YN = 'Y') OR (#complete_yn# = 'N' AND P.COMPLETE_YN = 'N'))
              AND (((#delete_fg# = '' OR #delete_fg# IS NULL) AND 1=1) OR (#delete_fg# = 'Y' AND P.DELETE_FG = 'Y') OR (#delete_fg# = 'N' AND P.DELETE_FG = 'N'))
            GROUP BY P.PROJECT_CD, P.PROJECT_NM, P.DATA_DIR, P.COMPLETE_YN, P.PSG_CNT, P.EVENT_CNT, P.DELETE_FG, P.PSG_REG_DATE, P.REG_DT, P.REG_USER_ID
            ORDER BY P.PROJECT_CD
        ]]>
    </statement>
	
	<procedure id="project.search" parameterMap="projectMap" resultClass="project">
	    <![CDATA[
	        {CALL P_W_GET_PROJECT_LIST(?, ?, ?, ?)}
 	    ]]>
	</procedure>
	
	<procedure id="project.detail.search" parameterMap="projectDetailMap" resultClass="projectDetail">
	    <![CDATA[
	        {CALL P_W_GET_PROJECT_DETAIL_VIEW(?, ?, ?, ?)}
 	    ]]>
	</procedure>
	
	<procedure id="project.read.user" parameterMap="projectReadMap" resultClass="projectRead">
	    <![CDATA[
	        {CALL P_W_GET_PROJECT_USER_LIST(?, ?, ?, ?)}
 	    ]]>
	</procedure>
	
	<procedure id="project.insert" parameterMap="projectCommMap">
        <![CDATA[
            {CALL P_W_INSERT_PROJECT_LIST(?, ?, ?)}
        ]]>	
	</procedure>
	
	<procedure id="project.update" parameterMap="projectCommMap">
        <![CDATA[
            {CALL P_W_UPDATE_PROJECT_LIST(?, ?, ?)}
        ]]>	
	</procedure>


</sqlMap>
