<?xml version="1.0" encoding="UTF-8"?>
<!DOCTYPE sqlMap PUBLIC "-//iBATIS.com//DTD SQL Map 2.0//EN" "http://www.ibatis.com/dtd/sql-map-2.dtd">

<sqlMap namespace="Error">

	<typeAlias alias="error" type="com.ubizit.mla.model.ErrorVO" />
	
	<resultMap id="errorVO" class="com.ubizit.mla.model.ErrorVO">
		<result property="issue_dt"     column="ISSUE_DT" />
		<result property="proc_nm"      column="PROC_NM" />
		<result property="error_code"   column="ERROR_CODE" />
		<result property="error_msg"    column="ERROR_MSG" />
		<result property="error_data"   column="ERROR_DATA" />
	</resultMap>
	
	<parameterMap id="errorMap" class="map">
	    <parameter property="p_rcv_json" javaType="java.lang.String"   jdbcType="VARCHAR"      mode="IN"    />
        <parameter property="p_ret_code" javaType="java.lang.Integer"  jdbcType="DECIMAL"      mode="OUT"   />
        <parameter property="p_ret_msg"  javaType="java.lang.String"   jdbcType="VARCHAR"      mode="OUT"   />
        <parameter property="p_ret_json" javaType="java.sql.ResultSet" jdbcType="ORACLECURSOR" mode="OUT" resultMap="errorVO"/>
	</parameterMap>
	
    <procedure id="error.search" parameterMap="errorMap" resultClass="error">
        <![CDATA[
            {CALL P_W_GET_ERROR_LIST(?, ?, ?, ?)}
        ]]>
    </procedure>	
	
	
</sqlMap>
