<?xml version="1.0" encoding="UTF-8"?>
<!DOCTYPE sqlMap PUBLIC "-//iBATIS.com//DTD SQL Map 2.0//EN" "http://www.ibatis.com/dtd/sql-map-2.dtd">

<sqlMap namespace="Image">

    <typeAlias alias="image"      type="com.ubizit.mla.model.ImageVO" />
    <typeAlias alias="imageSub"   type="com.ubizit.mla.model.ImageSubVO" />
    <typeAlias alias="imageRef"   type="com.ubizit.mla.model.ImageRefVO" />
    <typeAlias alias="imageTitle" type="com.ubizit.mla.model.ImageTitleVO" />

    <resultMap id="imageVO" class="com.ubizit.mla.model.ImageVO">
        <result property="image_id"      column="IMAGE_ID" />
        <result property="di_gender"     column="DI_GENDER" />
        <result property="di_age"        column="DI_AGE" />
        <result property="sub_cnt"       column="SUB_CNT" />
<!--         <result property="image_id"	     column="IMAGE_ID" /> -->
<!--         <result property="image_name"    column="IMAGE_NAME" /> -->
<!--         <result property="image_view"    column="IMAGE_VIEW" /> -->
<!--         <result property="sub_yn"		 column="SUB_YN" /> -->
<!--         <result property="reg_dt"        column="REG_DT" /> -->
    </resultMap>
    
    <resultMap id="imageSubVO" class="com.ubizit.mla.model.ImageSubVO">
        <result property="image_id"         column="IMAGE_ID" />
        <result property="image_name"       column="IMAGE_NAME" />
        <result property="image_view"       column="IMAGE_VIEW" />
        <result property="ori_image_view"   column="ORI_IMAGE_VIEW" />
<!--         <result property="image_id"	        column="IMAGE_ID" /> -->
<!--         <result property="image_name"       column="IMAGE_NAME" /> -->
<!--         <result property="image_sub_id"	    column="IMAGE_SUB_ID" /> -->
<!--         <result property="image_sub_name"   column="IMAGE_SUB_NAME" /> -->
<!--         <result property="image_view"       column="IMAGE_VIEW" /> -->
<!--         <result property="reg_dt"           column="REG_DT" /> -->
    </resultMap>

    <resultMap id="imageRefVO" class="com.ubizit.mla.model.ImageRefVO">
        <result property="image_id"      column="IMAGE_ID" />
        <result property="image_name"    column="IMAGE_NAME" />
        <result property="image_view"    column="IMAGE_VIEW" />
        <result property="reg_dt"        column="REG_DT" />
    </resultMap>

    <resultMap id="imageTitleVO" class="com.ubizit.mla.model.ImageTitleVO">
	    <result property="row_num"        column="ROW_NUM" />
	    <result property="code_name"      column="CODE_NAME" />
	    <result property="project_name"   column="PROJECT_NAME" />
	    <result property="image_cnt"      column="IMAGE_CNT" />
	    <result property="image_sub_cnt"  column="IMAGE_SUB_CNT" />
	    <result property="image_ref_cnt"  column="IMAGE_REF_CNT" />
	    <result property="project_user"   column="PROJECT_USER" />
    </resultMap>

    <parameterMap id="imageMap" class="map">
        <parameter property="p_rcv_json" javaType="java.lang.String"   jdbcType="VARCHAR"      mode="IN"    />
        <parameter property="p_ret_code" javaType="java.lang.Integer"  jdbcType="DECIMAL"      mode="OUT"   />
        <parameter property="p_ret_msg"  javaType="java.lang.String"   jdbcType="VARCHAR"      mode="OUT"   />
        <parameter property="p_ret_json" javaType="java.sql.ResultSet" jdbcType="ORACLECURSOR" mode="OUT" resultMap="imageVO"/>
    </parameterMap>
    
    <parameterMap id="imageSubMap" class="map">
        <parameter property="p_rcv_json" javaType="java.lang.String"   jdbcType="VARCHAR"      mode="IN"    />
        <parameter property="p_ret_code" javaType="java.lang.Integer"  jdbcType="DECIMAL"      mode="OUT"   />
        <parameter property="p_ret_msg"  javaType="java.lang.String"   jdbcType="VARCHAR"      mode="OUT"   />
        <parameter property="p_ret_json" javaType="java.sql.ResultSet" jdbcType="ORACLECURSOR" mode="OUT" resultMap="imageSubVO"/>
    </parameterMap>
    
    <parameterMap id="imageRefMap" class="map">
        <parameter property="p_rcv_json" javaType="java.lang.String"   jdbcType="VARCHAR"      mode="IN"    />
        <parameter property="p_ret_code" javaType="java.lang.Integer"  jdbcType="DECIMAL"      mode="OUT"   />
        <parameter property="p_ret_msg"  javaType="java.lang.String"   jdbcType="VARCHAR"      mode="OUT"   />
        <parameter property="p_ret_json" javaType="java.sql.ResultSet" jdbcType="ORACLECURSOR" mode="OUT" resultMap="imageRefVO"/>
    </parameterMap>
    
    <parameterMap id="imageTitleMap" class="map">
        <parameter property="p_rcv_json" javaType="java.lang.String"   jdbcType="VARCHAR"      mode="IN"    />
        <parameter property="p_ret_code" javaType="java.lang.Integer"  jdbcType="DECIMAL"      mode="OUT"   />
        <parameter property="p_ret_msg"  javaType="java.lang.String"   jdbcType="VARCHAR"      mode="OUT"   />
        <parameter property="p_ret_json" javaType="java.sql.ResultSet" jdbcType="ORACLECURSOR" mode="OUT" resultMap="imageTitleVO"/>
    </parameterMap>

    <procedure id="image.search" parameterMap="imageMap" resultClass="image">
        <![CDATA[
            {CALL P_W_GET_IMAGE_LIST(?, ?, ?, ?)}
        ]]>
    </procedure>
    
    <procedure id="image.sub.search" parameterMap="imageSubMap" resultClass="imageSub">
        <![CDATA[
            {CALL P_W_GET_IMAGE_SUB_LIST(?, ?, ?, ?)}
        ]]>
    </procedure>
    
    <procedure id="image.ref.search" parameterMap="imageRefMap" resultClass="imageRef">
        <![CDATA[
            {CALL P_W_GET_IMAGE_REF_LIST(?, ?, ?, ?)}
        ]]>
    </procedure>
    
    <procedure id="image.title.search" parameterMap="imageTitleMap" resultClass="imageTitle">
        <![CDATA[
            {CALL P_W_GET_IMAGE_TITLE_LIST(?, ?, ?, ?)}
        ]]>
    </procedure>

</sqlMap>
