<?xml version="1.0" encoding="UTF-8"?>
<!DOCTYPE sqlMap PUBLIC "-//iBATIS.com//DTD SQL Map 2.0//EN" "http://www.ibatis.com/dtd/sql-map-2.dtd">

<sqlMap namespace="Label">

    <typeAlias alias="egovMap" type="egovframework.rte.psl.dataaccess.util.EgovMap"/>
    <typeAlias alias="target" type="com.ubizit.mla.model.TargetVO" /> 
    <typeAlias alias="label" type="com.ubizit.mla.model.LabelVO" /> 
    <typeAlias alias="labelDetail" type="com.ubizit.mla.model.LabelDetailVO" />
    <typeAlias alias="labelRead" type="com.ubizit.mla.model.LabelReadVO" />
    
    <resultMap id="labelVO" class="com.ubizit.mla.model.LabelVO">
	    <result property="label_cd"     column="LABEL_CD" />
	    <result property="label_desc"   column="LABEL_DESC" />
	    <result property="mark_rgb"     column="MARK_RGB" />
	    <result property="reg_user_id"  column="REG_USER_ID" />
	    <result property="reg_dt"       column="REG_DT" />
    </resultMap>
    
    <resultMap id="labelDetailVO" class="com.ubizit.mla.model.LabelDetailVO">
        <result property="code_name"    column="CODE_NAME"/>
        <result property="project_name" column="PROJECT_NAME"/>
        <result property="target_cd"    column="TARGET_CD"/>
        <result property="target_nm"    column="TARGET_NM"/>
        <result property="screen_loc"   column="SCREEN_LOC"/>
        <result property="reg_user_id"  column="REG_USER_ID"/>
    </resultMap>
    
    <resultMap id="labelReadVO" class="com.ubizit.mla.model.LabelReadVO">
        <result property="label_cd"     column="LABEL_CD"/>
        <result property="label_desc"   column="LABEL_DESC"/>
        <result property="reg_dt"       column="REG_DT"/>
        <result property="reg_user_id"  column="REG_USER_ID"/>
    </resultMap>

    <parameterMap id="labelCommMap" class="map">
        <parameter property="p_rcv_json" javaType="java.lang.String"   jdbcType="VARCHAR"      mode="IN"    />
        <parameter property="p_ret_code" javaType="java.lang.Integer"  jdbcType="DECIMAL"      mode="OUT"   />
        <parameter property="p_ret_msg"  javaType="java.lang.String"   jdbcType="VARCHAR"      mode="OUT"   />
    </parameterMap>

    <parameterMap id="labelMap" class="map">
        <parameter property="p_rcv_json" javaType="java.lang.String"   jdbcType="VARCHAR"      mode="IN"    />
        <parameter property="p_ret_code" javaType="java.lang.Integer"  jdbcType="DECIMAL"      mode="OUT"   />
        <parameter property="p_ret_msg"  javaType="java.lang.String"   jdbcType="VARCHAR"      mode="OUT"   />
        <parameter property="p_ret_json" javaType="java.sql.ResultSet" jdbcType="ORACLECURSOR" mode="OUT" resultMap="labelVO"/>
    </parameterMap>

    <statement id="labelDAO.target.info" parameterClass="string" resultClass="egovMap">
        SELECT TARGET_CD, TARGET_NM
        FROM MST_TARGET
        WHERE MISSION_CD = #mission_cd#
          AND DELETE_FG = 'N'
    </statement>

    <procedure id="label.target.search" parameterMap="labelMap" resultClass="label">
        <![CDATA[
            {CALL P_W_GET_LABEL_LIST(?, ?, ?, ?)}
        ]]>
    </procedure>
    
    <procedure id="label.save" parameterMap="labelCommMap">
        <![CDATA[
            {CALL P_W_UPDATE_LABEL(?, ?, ?)}
        ]]>    
    </procedure>
    

</sqlMap>
