<?xml version="1.0" encoding="UTF-8"?>
<!DOCTYPE sqlMap PUBLIC "-//iBATIS.com//DTD SQL Map 2.0//EN" "http://www.ibatis.com/dtd/sql-map-2.dtd">

<sqlMap namespace="Label">

    <typeAlias  alias="egovMap" type="egovframework.rte.psl.dataaccess.util.EgovMap"/>
    <typeAlias alias="label" type="com.ubizit.mla.model.LabelVO" /> 
    <typeAlias alias="labelDetail" type="com.ubizit.mla.model.LabelDetailVO" />
    <typeAlias alias="labelRead" type="com.ubizit.mla.model.LabelReadVO" />
    
    <resultMap id="labelVO" class="com.ubizit.mla.model.LabelVO">
	    <result property="reg_dt"       column="REG_DT" />
	    <result property="code_name"    column="CODE_NAME" />
	    <result property="project_name" column="PROJECT_NAME" />
	    <result property="target_cd"    column="TARGET_CD" />
	    <result property="label_cd"     column="LABEL_CD" />
	    <result property="label_name"   column="LABEL_NAME" />
	    <result property="reg_user_id"  column="REG_USER_ID" />
    </resultMap>
    
    <resultMap id="labelDetailVO" class="com.ubizit.mla.model.LabelDetailVO">
        <result property="code_name"    column="CODE_NAME"/>
        <result property="project_name" column="PROJECT_NAME"/>
        <result property="target_cd"    column="TARGET_CD"/>
        <result property="target_nm"    column="TARGET_NM"/>
        <result property="screen_loc"   column="SCREEN_LOC"/>
        <result property="reg_user_id"  column="REG_USER_ID"/>
    </resultMap>
    
    <resultMap id="labelReadVO" class="com.ubizit.mla.model.LabelReadVO">
        <result property="label_cd"     column="LABEL_CD"/>
        <result property="label_desc"   column="LABEL_DESC"/>
        <result property="reg_dt"       column="REG_DT"/>
        <result property="reg_user_id"  column="REG_USER_ID"/>
    </resultMap>

    <parameterMap id="labelCommMap" class="map">
        <parameter property="p_rcv_json" javaType="java.lang.String"   jdbcType="VARCHAR"      mode="IN"    />
        <parameter property="p_ret_code" javaType="java.lang.Integer"  jdbcType="DECIMAL"      mode="OUT"   />
        <parameter property="p_ret_msg"  javaType="java.lang.String"   jdbcType="VARCHAR"      mode="OUT"   />
    </parameterMap>

    <parameterMap id="labelMap" class="map">
        <parameter property="p_rcv_json" javaType="java.lang.String"   jdbcType="VARCHAR"      mode="IN"    />
        <parameter property="p_ret_code" javaType="java.lang.Integer"  jdbcType="DECIMAL"      mode="OUT"   />
        <parameter property="p_ret_msg"  javaType="java.lang.String"   jdbcType="VARCHAR"      mode="OUT"   />
        <parameter property="p_ret_json" javaType="java.sql.ResultSet" jdbcType="ORACLECURSOR" mode="OUT" resultMap="labelVO"/>
    </parameterMap>
    
    <parameterMap id="labelDetailMap" class="map">
        <parameter property="p_rcv_json" javaType="java.lang.String"   jdbcType="VARCHAR"      mode="IN"    />
        <parameter property="p_ret_code" javaType="java.lang.Integer"  jdbcType="DECIMAL"      mode="OUT"   />
        <parameter property="p_ret_msg"  javaType="java.lang.String"   jdbcType="VARCHAR"      mode="OUT"   />
        <parameter property="p_ret_json" javaType="java.sql.ResultSet" jdbcType="ORACLECURSOR" mode="OUT" resultMap="labelDetailVO"/>
    </parameterMap>
    
    <parameterMap id="labelReadMap" class="map">
        <parameter property="p_rcv_json" javaType="java.lang.String"   jdbcType="VARCHAR"      mode="IN"    />
        <parameter property="p_ret_code" javaType="java.lang.Integer"  jdbcType="DECIMAL"      mode="OUT"   />
        <parameter property="p_ret_msg"  javaType="java.lang.String"   jdbcType="VARCHAR"      mode="OUT"   />
        <parameter property="p_ret_json" javaType="java.sql.ResultSet" jdbcType="ORACLECURSOR" mode="OUT" resultMap="labelReadVO"/>
    </parameterMap>

    <statement id="labelDAO.projectList" resultClass="egovMap">
        <![CDATA[
            SELECT TRIM(PROJECT_CD) AS CODE_NAME, PROJECT_NM AS PROJECT_NAME,
                   (SELECT LISTAGG(TARGET_CD, ',') WITHIN GROUP (ORDER BY TARGET_CD) FROM MST_TARGET WHERE PROJECT_CD = P.PROJECT_CD) AS TARGET_CD
              FROM MST_PROJECT P
             WHERE DELETE_FG = 'N'
               AND P.PROJECT_CD NOT IN (SELECT L.PROJECT_CD FROM MST_LABEL L)
             ORDER BY PROJECT_CD ASC
        ]]>
    </statement>

    <procedure id="label.search" parameterMap="labelMap" resultClass="label">
        <![CDATA[
            {CALL P_W_GET_LABEL_LIST(?, ?, ?, ?)}
        ]]>
    </procedure>
    
    <procedure id="label.detail.search" parameterMap="labelDetailMap" resultClass="labelDetail">
        <![CDATA[
            {CALL P_W_GET_LABEL_DETAIL_VIEW(?, ?, ?, ?)}
        ]]>
    </procedure>
    
    <procedure id="label.read" parameterMap="labelReadMap" resultClass="labelRead">
        <![CDATA[
            {CALL P_W_GET_TARGET_LABEL_LIST(?, ?, ?, ?)}
        ]]>
    </procedure>
    
    <procedure id="label.insert" parameterMap="labelCommMap">
        <![CDATA[
            {CALL P_W_INSERT_TARGET_LABEL(?, ?, ?)}
        ]]>
    </procedure>
    
    <procedure id="label.update" parameterMap="labelCommMap">
        <![CDATA[
            {CALL P_W_UPDATE_TARGET_LABEL(?, ?, ?)}
        ]]>
    </procedure>

</sqlMap>
