<?xml version="1.0" encoding="UTF-8"?>
<!DOCTYPE sqlMap PUBLIC "-//iBATIS.com//DTD SQL Map 2.0//EN" "http://www.ibatis.com/dtd/sql-map-2.dtd">

<sqlMap namespace="Main">

    <typeAlias alias="mainCount"        type="com.ubizit.mla.model.MainCountVO" />
    <typeAlias alias="mainWM"           type="com.ubizit.mla.model.MainWMVO" />
    <typeAlias alias="mainUser"         type="com.ubizit.mla.model.MainUserVO" />
    <typeAlias alias="mainStatusCnt"    type="com.ubizit.mla.model.MainStatusCntVO" />
    <typeAlias alias="mainStatus"       type="com.ubizit.mla.model.MainStatusVO" />
	
	<resultMap id="mainCountVO" class="com.ubizit.mla.model.MainCountVO">
	   <result property="plan_cnt"			    column="PLAN_CNT"			   />
	   <result property="video_cnt"			    column="VIDEO_CNT"			   />
	   <result property="psg_accord_cnt"		column="PSG_ACCORD_CNT"	       />
	   <result property="psg_event_ok_cnt"	    column="PSG_EVENT_OK_CNT"	   />
	   <result property="psg_complete_cnt"	    column="PSG_COMPLETE_CNT"	   />
	   <result property="psg_pass_cnt"		    column="PSG_PASS_CNT"		   />
	   <result property="psg_event_ng_cnt"	    column="PSG_EVENT_NG_CNT"	   />
	   <result property="video_percent"		    column="VIDEO_PERCENT"		   />
	   <result property="psg_accord_percent"	column="PSG_ACCORD_PERCENT"    />
	   <result property="psg_event_ok_percent"  column="PSG_EVENT_OK_PERCENT"  />
	   <result property="psg_complete_percent"  column="PSG_COMPLETE_PERCENT"  />
	   <result property="psg_pass_percent"      column="PSG_PASS_PERCENT"	   />
	   <result property="psg_event_ng_percent"  column="PSG_EVENT_NG_PERCENT"  />
	   <result property="psg_plan_percent"      column="PSG_PLAN_PERCENT"      />
	   <result property="video_plan"            column="VIDEO_PLAN"            />
	   <result property="psg_accord"            column="PSG_ACCORD"            />
	   <result property="psg_event_ok"          column="PSG_EVENT_OK"          />
	   <result property="psg_complete"          column="PSG_COMPLETE"          />
	   <result property="psg_pass"              column="PSG_PASS"              />
	   <result property="psg_event_ng"          column="PSG_EVENT_NG"          />
	   <result property="psg_plan"              column="PSG_PLAN"              />
    </resultMap>
	
	<resultMap id="mainWMVO" class="com.ubizit.mla.model.MainWMVO">
	   <result property="wm"                    column="WM"                    />
	   <result property="month"                 column="MONTH"                 />
	   <result property="week_start"            column="WEEK_START"            />
	   <result property="week_end"              column="WEEK_END"              />
	   <result property="week_of_month"         column="WEEK_OF_MONTH"         />
	   <result property="psg_cnt"               column="PSG_CNT"               />
	   <result property="work_cnt"              column="WORK_CNT"              />
	   <result property="pass_cnt"              column="PASS_CNT"              />
	</resultMap>
	
	<resultMap id="mainUserVO" class="com.ubizit.mla.model.MainUserVO">
	   <result property="user_id"               column="USER_ID"               />
	   <result property="user_nm"               column="USER_NM"               />
	   <result property="assign_cnt"            column="ASSIGN_CNT"            />
	   <result property="work_cnt"              column="WORK_CNT"              />
	</resultMap>

    <resultMap id="mainStatusVO" class="com.ubizit.mla.model.MainStatusVO">
       <result property="project_cd"            column="PROJECT_CD" />
       <result property="project_nm"            column="PROJECT_NM" />
       <result property="user_cnt"              column="USER_CNT" />
       <result property="psg_cnt"               column="PSG_CNT" />
       <result property="reg_user_id"           column="REG_USER_ID" />
       <result property="reg_dt"                column="REG_DT" />
    </resultMap>

    <resultMap id="mainStatusCntVO" class="com.ubizit.mla.model.MainStatusCntVO">
       <result property="todo_cnt"         column="TODO_CNT" />
       <result property="ing_cnt"          column="ING_CNT" />
       <result property="end_cnt"          column="END_CNT" />
    </resultMap>

    <parameterMap id="mainCountMap" class="map">
        <parameter property="p_rcv_json" javaType="java.lang.String"   jdbcType="VARCHAR"      mode="IN"    />
        <parameter property="p_ret_code" javaType="java.lang.Integer"  jdbcType="DECIMAL"      mode="OUT"   />
        <parameter property="p_ret_msg"  javaType="java.lang.String"   jdbcType="VARCHAR"      mode="OUT"   />
        <parameter property="p_ret_json" javaType="java.sql.ResultSet" jdbcType="ORACLECURSOR" mode="OUT" resultMap="mainCountVO"/>
    </parameterMap>
    
    <parameterMap id="mainWMMap" class="map">
        <parameter property="p_rcv_json" javaType="java.lang.String"   jdbcType="VARCHAR"      mode="IN"    />
        <parameter property="p_ret_code" javaType="java.lang.Integer"  jdbcType="DECIMAL"      mode="OUT"   />
        <parameter property="p_ret_msg"  javaType="java.lang.String"   jdbcType="VARCHAR"      mode="OUT"   />
        <parameter property="p_ret_json" javaType="java.sql.ResultSet" jdbcType="ORACLECURSOR" mode="OUT" resultMap="mainWMVO"/>
    </parameterMap>
	
    <parameterMap id="mainUserMap" class="map">
        <parameter property="p_rcv_json" javaType="java.lang.String"   jdbcType="VARCHAR"      mode="IN"    />
        <parameter property="p_ret_code" javaType="java.lang.Integer"  jdbcType="DECIMAL"      mode="OUT"   />
        <parameter property="p_ret_msg"  javaType="java.lang.String"   jdbcType="VARCHAR"      mode="OUT"   />
        <parameter property="p_ret_json" javaType="java.sql.ResultSet" jdbcType="ORACLECURSOR" mode="OUT" resultMap="mainUserVO"/>
    </parameterMap>	

    <parameterMap id="mainStatusCntMap" class="map">
        <parameter property="p_rcv_json" javaType="java.lang.String"   jdbcType="VARCHAR"      mode="IN"    />
        <parameter property="p_ret_code" javaType="java.lang.Integer"  jdbcType="DECIMAL"      mode="OUT"   />
        <parameter property="p_ret_msg"  javaType="java.lang.String"   jdbcType="VARCHAR"      mode="OUT"   />
        <parameter property="p_ret_json" javaType="java.sql.ResultSet" jdbcType="ORACLECURSOR" mode="OUT" resultMap="mainStatusCntVO"/>
    </parameterMap>

    <parameterMap id="mainStatusMap" class="map">
        <parameter property="p_rcv_json" javaType="java.lang.String"   jdbcType="VARCHAR"      mode="IN"    />
        <parameter property="p_ret_code" javaType="java.lang.Integer"  jdbcType="DECIMAL"      mode="OUT"   />
        <parameter property="p_ret_msg"  javaType="java.lang.String"   jdbcType="VARCHAR"      mode="OUT"   />
        <parameter property="p_ret_json" javaType="java.sql.ResultSet" jdbcType="ORACLECURSOR" mode="OUT" resultMap="mainStatusVO"/>
    </parameterMap>
  
	<procedure id="main.total.progress" parameterMap="mainCountMap" resultClass="mainCount">
	   <![CDATA[
            {CALL P_W_GET_MAIN_PROGRESS_CNT(?, ?, ?, ?)}
        ]]>
	</procedure>
	
	<procedure id="main.weekMonth.chart" parameterMap="mainWMMap" resultClass="mainWM">
       <![CDATA[
            {CALL P_W_GET_MAIN_WEEK_MONTH_CHART(?, ?, ?, ?)}
        ]]>
    </procedure>
	
	<procedure id="main.user.chart" parameterMap="mainUserMap" resultClass="mainUser">
       <![CDATA[
            {CALL P_W_GET_MAIN_USER_CHART(?, ?, ?, ?)}
        ]]>
    </procedure>

    <procedure id="main.status.count.search" parameterMap="mainStatusCntMap" resultClass="mainStatusCnt">
        <![CDATA[
            {CALL P_W_GET_MAIN_STATUS_CNT(?, ?, ?, ?)}
        ]]>
    </procedure>
	
	<procedure id="main.status.search" parameterMap="mainStatusMap" resultClass="mainStatus">
        <![CDATA[
            {CALL P_W_GET_MAIN_STATUS_LIST(?, ?, ?, ?)}
        ]]>
    </procedure>
	
</sqlMap>
