<?xml version="1.0" encoding="UTF-8"?>
<!DOCTYPE sqlMap PUBLIC "-//iBATIS.com//DTD SQL Map 2.0//EN" "http://www.ibatis.com/dtd/sql-map-2.dtd">

<sqlMap namespace="Progrss">

    <typeAlias alias="egovMap"  type="egovframework.rte.psl.dataaccess.util.EgovMap"/>
    <typeAlias alias="progressProjectTotal" type="com.ubizit.mla.model.ProgressProjectTotalVO" />
    <typeAlias alias="progressProject"      type="com.ubizit.mla.model.ProgressProjectVO" />
    <typeAlias alias="pgProVeTotal"         type="com.ubizit.mla.model.PgProVeTotalVO" />
    <typeAlias alias="pgProVeCt1"           type="com.ubizit.mla.model.PgProVeCt1VO" />
    <typeAlias alias="pgProVeCt2"           type="com.ubizit.mla.model.PgProVeCt2VO" />
    <typeAlias alias="progressUser"         type="com.ubizit.mla.model.ProgressUserVO" />
    <typeAlias alias="pgUserVeTotal"        type="com.ubizit.mla.model.PgUserVeTotalVO" />
    <typeAlias alias="pgUserVeCt1"          type="com.ubizit.mla.model.PgUserVeCt1VO" />
    <typeAlias alias="pgUserVeCt2"          type="com.ubizit.mla.model.PgUserVeCt2VO" />
    
    <typeAlias alias="projectChart"         type="com.ubizit.mla.model.ProjectChartVO" />
    <typeAlias alias="userChart"            type="com.ubizit.mla.model.UserChartVO" />
    <typeAlias alias="pgProPuTotal"         type="com.ubizit.mla.model.PgProPuTotalVO" />
    <typeAlias alias="pgProPuCt1"           type="com.ubizit.mla.model.PgProPuCt1VO" />
    <typeAlias alias="pgProPuCt2"           type="com.ubizit.mla.model.PgProPuCt2VO" />
    <typeAlias alias="pgProPuData"          type="com.ubizit.mla.model.PgProPuDataVO" />
    
    <resultMap id="progressProjectTotalVO" class="com.ubizit.mla.model.ProgressProjectTotalVO">
       <result property="psg_cnt"           column="PSG_CNT" />
       <result property="work_cnt"          column="WORK_CNT" />
       <result property="pass_cnt"          column="PASS_CNT" />
       <result property="fail_cnt"          column="FAIL_CNT" />
       <result property="n_psg_cnt"         column="N_PSG_CNT" />
    </resultMap>

	<resultMap id="progressProjectVO" class="com.ubizit.mla.model.ProgressProjectVO">
	   <result property="row_num"           column="ROW_NUM" />
	   <result property="project_cd"        column="PROJECT_CD" />
	   <result property="project_nm"        column="PROJECT_NM" />
	   <result property="user_cnt"          column="USER_CNT" />
	   <result property="total_progress"    column="TOTAL_PROGRESS" />
	   <result property="work_cnt"          column="WORK_CNT" />
	   <result property="pass_cnt"          column="PASS_CNT" />
	   <result property="fail_cnt"          column="FAIL_CNT" />
	   <result property="progress_chk"      column="PROGRESS_CHK" />
	   <result property="cross_chk"         column="CROSS_CHK" />
	</resultMap>

    <resultMap id="pgProVeTotalVO" class="com.ubizit.mla.model.PgProVeTotalVO">
       <result property="psg_cnt"           column="PSG_CNT" />
       <result property="work_cnt"          column="WORK_CNT" />
       <result property="work_ing"          column="WORK_ING" />
       <result property="pass_cnt"          column="PASS_CNT" />
       <result property="pass_ing"          column="PASS_ING" />
       <result property="fail_cnt"          column="FAIL_CNT" />
       <result property="fail_ing"          column="FAIL_ING" />
       <result property="n_psg_cnt"         column="N_PSG_CNT" />
       <result property="n_psg_ing"         column="N_PSG_ING" />
       <result property="user_cnt"          column="USER_CNT" />
    </resultMap>
    
    <resultMap id="pgProVeCt1VO" class="com.ubizit.mla.model.PgProVeCt1VO">
       <result property="user_id"           column="USER_ID" />
       <result property="user_nm"           column="USER_NM" />
       <result property="pass_cnt"          column="PASS_CNT" />
       <result property="fail_cnt"          column="FAIL_CNT" />
       <result property="pass_progress"     column="PASS_PROGRESS" />
       <result property="fail_progress"     column="FAIL_PROGRESS" />
    </resultMap>
    
    <resultMap id="pgProVeCt2VO" class="com.ubizit.mla.model.PgProVeCt2VO">
       <result property="pass"              column="PASS" />
       <result property="fail"              column="FAIL" />
       <result property="no_match"          column="NO_MATCH" />
       <result property="no_work"           column="NO_WORK" />
       <result property="pass_percent"      column="PASS_PERCENT" />
       <result property="fail_percent"      column="FAIL_PERCENT" />
       <result property="no_match_percent"  column="NO_MATCH_PERCENT" />
       <result property="no_work_percent"   column="NO_WORK_PERCENT" />
    </resultMap>
    	
	<resultMap id="progressUserVO" class="com.ubizit.mla.model.ProgressUserVO">
	   <result property="row_num"			   column="ROW_NUM"			  />
	   <result property="user_id"       	   column="USER_ID"       	  />
	   <result property="user_nm"    		   column="USER_NM"    		  />
	   <result property="project_cnt"		   column="PROJECT_CNT"		  />
	   <result property="total_progress"	   column="TOTAL_PROGRESS"	  />
	   <result property="psg_cnt"		       column="PSG_CNT"		      />
	   <result property="psg_complete"	       column="PSG_COMPLETE"	  />
	   <result property="psg_uncomplete"       column="PSG_UNCOMPLETE"    />
	   <result property="progress_chk"	       column="PROGRESS_CHK"	  />
	</resultMap>

    <resultMap id="pgUserVeTotalVO" class="com.ubizit.mla.model.PgUserVeTotalVO">
       <result property="assign_cnt"           column="assign_cnt" />
       <result property="work_cnt"             column="WORK_CNT" />
       <result property="work_ing"             column="WORK_ING" />
       <result property="event_assign_cnt"     column="EVENT_ASSIGN_CNT" />
       <result property="event_work_cnt"       column="EVENT_WORK_CNT" />
       <result property="event_work_ing"       column="EVENT_WORK_ING" />
       <result property="event_ok_cnt"         column="EVENT_OK_CNT" />
       <result property="event_ok_ing"         column="EVENT_OK_ING" />
       <result property="event_ng_cnt"         column="EVENT_NG_CNT" />
       <result property="event_ng_ing"         column="EVENT_NG_ING" />
       <result property="project_cnt"          column="PROJECT_CNT" />
    </resultMap>

    <resultMap id="pgUserVeCt1VO" class="com.ubizit.mla.model.PgUserVeCt1VO">
       <result property="project_cd"        column="PROJECT_CD" />
       <result property="psg_cnt"           column="PSG_CNT" />
       <result property="work_cnt"          column="WORK_CNT" />
    </resultMap>
	
    <resultMap id="pgUserVeCt2VO" class="com.ubizit.mla.model.PgUserVeCt2VO">
       <result property="project_cd"        column="PROJECT_CD" />
       <result property="psg_cnt"           column="PSG_CNT" />
       <result property="pass_cnt"          column="PASS_CNT" />
       <result property="pass_progress"     column="PASS_PROGRESS" />
       <result property="fail_cnt"          column="FAIL_CNT" />
       <result property="fail_progress"     column="FAIL_PROGRESS" />
    </resultMap>
	
	<resultMap id="projectChartVO" class="com.ubizit.mla.model.ProjectChartVO">
	   <result property="user_name"        column="USER_NAME" />
	   <result property="user_num"         column="USER_NUM" />
	   <result property="progress"         column="PROGRESS" />
	   <result property="labeling_ord"     column="LABELING_ORD" />
	</resultMap>
	
	<resultMap id="userChartVO" class="com.ubizit.mla.model.UserChartVO">
	   <result property="project_cd"       column="PROJECT_CD" />
	   <result property="project_num"      column="PROJECT_NUM" />
	   <result property="progress"         column="PROGRESS" />
	   <result property="labeling_ord"     column="LABELING_ORD" />
	</resultMap>
	
	<resultMap id="pgProPuTotalVO" class="com.ubizit.mla.model.PgProPuTotalVO">
	   <result property="progress"            column="PROGRESS" />
	   <result property="complete_labeling"   column="COMPLETE_LABELING" />
	   <result property="complete_percent"    column="COMPLETE_PERCENT" />
	   <result property="incomplete_labeling" column="INCOMPLETE_LABELING" />
	   <result property="incomplete_percent"  column="INCOMPLETE_PERCENT" />
	   <result property="total_num"           column="TOTAL_NUM" />
	</resultMap>
	
	<resultMap id="pgProPuCt1VO" class="com.ubizit.mla.model.PgProPuCt1VO">
	   <result property="user_nm"          column="USER_NM" />
	   <result property="accept_cnt"       column="ACCEPT_CNT" />
	   <result property="reject_cnt"       column="REJECT_CNT" />
	   <result property="accept_progress"  column="ACCEPT_PROGRESS" />
	   <result property="reject_progress"  column="REJECT_PROGRESS" />
	</resultMap>
	
	<resultMap id="pgProPuCt2VO" class="com.ubizit.mla.model.PgProPuCt2VO">
	   <result property="accept"            column="ACCEPT" />
	   <result property="reject"            column="REJECT" />
	   <result property="no_match"          column="NO_MATCH" />
	   <result property="no_label"          column="NO_LABEL" />
	   <result property="accept_percent"    column="ACCEPT_PERCENT" />
	   <result property="reject_percent"    column="REJECT_PERCENT" />
	   <result property="no_match_percent"  column="NO_MATCH_PERCENT" />
	   <result property="no_label_percent"  column="NO_LABEL_PERCENT" />
	</resultMap>
	
	<resultMap id="pgProPuDataVO" class="com.ubizit.mla.model.PgProPuDataVO">
	   <result property="row_num"     column="ROW_NUM"   />
	   <result property="image_id"    column="IMAGE_ID"  />
	   <result property="user1_act"   column="USER1_ACT" />
	   <result property="user1_rjt"   column="USER1_RJT" />
	   <result property="user2_act"   column="USER2_ACT" />
	   <result property="user2_rjt"   column="USER2_RJT" />
	   <result property="user3_act"   column="USER3_ACT" />
	   <result property="user3_rjt"   column="USER3_RJT" />
	   <result property="user4_act"   column="USER4_ACT" />
	   <result property="user4_rjt"   column="USER4_RJT" />
	   <result property="user5_act"   column="USER5_ACT" />
	   <result property="user5_rjt"   column="USER5_RJT" />
	   <result property="user6_act"   column="USER6_ACT" />
	   <result property="user6_rjt"   column="USER6_RJT" />
	   <result property="user7_act"   column="USER7_ACT" />
	   <result property="user7_rjt"   column="USER7_RJT" />
	   <result property="user8_act"   column="USER8_ACT" />
	   <result property="user8_rjt"   column="USER8_RJT" />
	   <result property="user9_act"   column="USER9_ACT" />
	   <result property="user9_rjt"   column="USER9_RJT" />
	   <result property="user10_act"  column="USER10_ACT"/>
	   <result property="user10_rjt"  column="USER10_RJT"/>
	   <result property="act_sum"     column="ACT_SUM"   />
	   <result property="rjt_sum"     column="RJT_SUM"   />
	   <result property="x_sum"       column="X_SUM"     />
	   <result property="null_sum"    column="NULL_SUM"  />
	</resultMap>
	
	<parameterMap id="progressProjectTotalMap" class="map">
        <parameter property="p_rcv_json" javaType="java.lang.String"   jdbcType="VARCHAR"      mode="IN"    />
        <parameter property="p_ret_code" javaType="java.lang.Integer"  jdbcType="DECIMAL"      mode="OUT"   />
        <parameter property="p_ret_msg"  javaType="java.lang.String"   jdbcType="VARCHAR"      mode="OUT"   />
        <parameter property="p_ret_json" javaType="java.sql.ResultSet" jdbcType="ORACLECURSOR" mode="OUT" resultMap="progressProjectTotalVO"/>
    </parameterMap>
	
	<parameterMap id="progressProjectMap" class="map">
        <parameter property="p_rcv_json" javaType="java.lang.String"   jdbcType="VARCHAR"      mode="IN"    />
        <parameter property="p_ret_code" javaType="java.lang.Integer"  jdbcType="DECIMAL"      mode="OUT"   />
        <parameter property="p_ret_msg"  javaType="java.lang.String"   jdbcType="VARCHAR"      mode="OUT"   />
        <parameter property="p_ret_json" javaType="java.sql.ResultSet" jdbcType="ORACLECURSOR" mode="OUT" resultMap="progressProjectVO"/>
    </parameterMap>
    
    <parameterMap id="pgProVeTotalMap" class="map">
        <parameter property="p_rcv_json" javaType="java.lang.String"   jdbcType="VARCHAR"      mode="IN"    />
        <parameter property="p_ret_code" javaType="java.lang.Integer"  jdbcType="DECIMAL"      mode="OUT"   />
        <parameter property="p_ret_msg"  javaType="java.lang.String"   jdbcType="VARCHAR"      mode="OUT"   />
        <parameter property="p_ret_json" javaType="java.sql.ResultSet" jdbcType="ORACLECURSOR" mode="OUT" resultMap="pgProVeTotalVO"/>
    </parameterMap>
    
    <parameterMap id="pgProVeCt1Map" class="map">
        <parameter property="p_rcv_json" javaType="java.lang.String"   jdbcType="VARCHAR"      mode="IN"    />
        <parameter property="p_ret_code" javaType="java.lang.Integer"  jdbcType="DECIMAL"      mode="OUT"   />
        <parameter property="p_ret_msg"  javaType="java.lang.String"   jdbcType="VARCHAR"      mode="OUT"   />
        <parameter property="p_ret_json" javaType="java.sql.ResultSet" jdbcType="ORACLECURSOR" mode="OUT" resultMap="pgProVeCt1VO"/>
    </parameterMap>
    
    <parameterMap id="pgProVeCt2Map" class="map">
        <parameter property="p_rcv_json" javaType="java.lang.String"   jdbcType="VARCHAR"      mode="IN"    />
        <parameter property="p_ret_code" javaType="java.lang.Integer"  jdbcType="DECIMAL"      mode="OUT"   />
        <parameter property="p_ret_msg"  javaType="java.lang.String"   jdbcType="VARCHAR"      mode="OUT"   />
        <parameter property="p_ret_json" javaType="java.sql.ResultSet" jdbcType="ORACLECURSOR" mode="OUT" resultMap="pgProVeCt2VO"/>
    </parameterMap>
    
	<parameterMap id="progressUserMap" class="map">
        <parameter property="p_rcv_json" javaType="java.lang.String"   jdbcType="VARCHAR"      mode="IN"    />
        <parameter property="p_ret_code" javaType="java.lang.Integer"  jdbcType="DECIMAL"      mode="OUT"   />
        <parameter property="p_ret_msg"  javaType="java.lang.String"   jdbcType="VARCHAR"      mode="OUT"   />
        <parameter property="p_ret_json" javaType="java.sql.ResultSet" jdbcType="ORACLECURSOR" mode="OUT" resultMap="progressUserVO"/>
    </parameterMap>
    
    <parameterMap id="pgUserVeTotalMap" class="map">
        <parameter property="p_rcv_json" javaType="java.lang.String"   jdbcType="VARCHAR"      mode="IN"    />
        <parameter property="p_ret_code" javaType="java.lang.Integer"  jdbcType="DECIMAL"      mode="OUT"   />
        <parameter property="p_ret_msg"  javaType="java.lang.String"   jdbcType="VARCHAR"      mode="OUT"   />
        <parameter property="p_ret_json" javaType="java.sql.ResultSet" jdbcType="ORACLECURSOR" mode="OUT" resultMap="pgUserVeTotalVO"/>
    </parameterMap>

    <parameterMap id="pgUserVeCt1Map" class="map">
        <parameter property="p_rcv_json" javaType="java.lang.String"   jdbcType="VARCHAR"      mode="IN"    />
        <parameter property="p_ret_code" javaType="java.lang.Integer"  jdbcType="DECIMAL"      mode="OUT"   />
        <parameter property="p_ret_msg"  javaType="java.lang.String"   jdbcType="VARCHAR"      mode="OUT"   />
        <parameter property="p_ret_json" javaType="java.sql.ResultSet" jdbcType="ORACLECURSOR" mode="OUT" resultMap="pgUserVeCt1VO"/>
    </parameterMap>

    <parameterMap id="pgUserVeCt2Map" class="map">
        <parameter property="p_rcv_json" javaType="java.lang.String"   jdbcType="VARCHAR"      mode="IN"    />
        <parameter property="p_ret_code" javaType="java.lang.Integer"  jdbcType="DECIMAL"      mode="OUT"   />
        <parameter property="p_ret_msg"  javaType="java.lang.String"   jdbcType="VARCHAR"      mode="OUT"   />
        <parameter property="p_ret_json" javaType="java.sql.ResultSet" jdbcType="ORACLECURSOR" mode="OUT" resultMap="pgUserVeCt2VO"/>
    </parameterMap>
        
	<parameterMap id="projectChartMap" class="map">
        <parameter property="p_rcv_json" javaType="java.lang.String"   jdbcType="VARCHAR"      mode="IN"    />
        <parameter property="p_ret_code" javaType="java.lang.Integer"  jdbcType="DECIMAL"      mode="OUT"   />
        <parameter property="p_ret_msg"  javaType="java.lang.String"   jdbcType="VARCHAR"      mode="OUT"   />
        <parameter property="p_ret_json" javaType="java.sql.ResultSet" jdbcType="ORACLECURSOR" mode="OUT" resultMap="projectChartVO"/>
    </parameterMap>
    
	<parameterMap id="userChartMap" class="map">
        <parameter property="p_rcv_json" javaType="java.lang.String"   jdbcType="VARCHAR"      mode="IN"    />
        <parameter property="p_ret_code" javaType="java.lang.Integer"  jdbcType="DECIMAL"      mode="OUT"   />
        <parameter property="p_ret_msg"  javaType="java.lang.String"   jdbcType="VARCHAR"      mode="OUT"   />
        <parameter property="p_ret_json" javaType="java.sql.ResultSet" jdbcType="ORACLECURSOR" mode="OUT" resultMap="userChartVO"/>
    </parameterMap>

    <parameterMap id="pgProPuTotalMap" class="map">
        <parameter property="p_rcv_json" javaType="java.lang.String"   jdbcType="VARCHAR"      mode="IN"    />
        <parameter property="p_ret_code" javaType="java.lang.Integer"  jdbcType="DECIMAL"      mode="OUT"   />
        <parameter property="p_ret_msg"  javaType="java.lang.String"   jdbcType="VARCHAR"      mode="OUT"   />
        <parameter property="p_ret_json" javaType="java.sql.ResultSet" jdbcType="ORACLECURSOR" mode="OUT" resultMap="pgProPuTotalVO"/>
    </parameterMap>

    <parameterMap id="pgProPuCt1Map" class="map">
        <parameter property="p_rcv_json" javaType="java.lang.String"   jdbcType="VARCHAR"      mode="IN"    />
        <parameter property="p_ret_code" javaType="java.lang.Integer"  jdbcType="DECIMAL"      mode="OUT"   />
        <parameter property="p_ret_msg"  javaType="java.lang.String"   jdbcType="VARCHAR"      mode="OUT"   />
        <parameter property="p_ret_json" javaType="java.sql.ResultSet" jdbcType="ORACLECURSOR" mode="OUT" resultMap="pgProPuCt1VO"/>
    </parameterMap>
    
    <parameterMap id="pgProPuCt2Map" class="map">
        <parameter property="p_rcv_json" javaType="java.lang.String"   jdbcType="VARCHAR"      mode="IN"    />
        <parameter property="p_ret_code" javaType="java.lang.Integer"  jdbcType="DECIMAL"      mode="OUT"   />
        <parameter property="p_ret_msg"  javaType="java.lang.String"   jdbcType="VARCHAR"      mode="OUT"   />
        <parameter property="p_ret_json" javaType="java.sql.ResultSet" jdbcType="ORACLECURSOR" mode="OUT" resultMap="pgProPuCt2VO"/>
    </parameterMap>
    
    <parameterMap id="pgProPuDataMap" class="map">
        <parameter property="p_rcv_json" javaType="java.lang.String"   jdbcType="VARCHAR"      mode="IN"    />
        <parameter property="p_ret_code" javaType="java.lang.Integer"  jdbcType="DECIMAL"      mode="OUT"   />
        <parameter property="p_ret_msg"  javaType="java.lang.String"   jdbcType="VARCHAR"      mode="OUT"   />
        <parameter property="p_ret_json" javaType="java.sql.ResultSet" jdbcType="ORACLECURSOR" mode="OUT" resultMap="pgProPuDataVO"/>
    </parameterMap>

	<procedure id="progress.project.total" parameterMap="progressProjectTotalMap" resultClass="progressProjectTotal">
        <![CDATA[
            {CALL P_W_GET_PROGRESS_PROJECT_TOTAL(?, ?, ?, ?)}
        ]]>	
	</procedure>
	
    <procedure id="progress.project.search" parameterMap="progressProjectMap" resultClass="progressProject">
        <![CDATA[
            {CALL P_W_GET_PROGRESS_PROJECT_LIST(?, ?, ?, ?)}
        ]]>
    </procedure>
    
    <procedure id="progress.project.view.total" parameterMap="pgProVeTotalMap" resultClass="pgProVeTotal">
        <![CDATA[
            {CALL P_W_GET_PROGRESS_PROJECT_VIEW(?, ?, ?, ?)}
        ]]> 
    </procedure>
    
    <procedure id="progress.pro.view.chart1" parameterMap="pgProVeCt1Map" resultClass="pgProVeCt1">
        <![CDATA[
            {CALL P_W_GET_PROGRESS_VIEW_CHART1(?, ?, ?, ?)}
        ]]> 
    </procedure>
    
    <procedure id="progress.pro.view.chart2" parameterMap="pgProVeCt2Map" resultClass="pgProVeCt2">
        <![CDATA[
            {CALL P_W_GET_PROGRESS_VIEW_CHART2(?, ?, ?, ?)}
        ]]> 
    </procedure>
    
    <procedure id="progress.user.search" parameterMap="progressUserMap" resultClass="progressUser">
        <![CDATA[
            {CALL P_W_GET_PROGRESS_USER_LIST(?, ?, ?, ?)}
        ]]>
    </procedure>

    <procedure id="progress.user.view.total" parameterMap="pgUserVeTotalMap" resultClass="pgUserVeTotal">
        <![CDATA[
            {CALL P_W_GET_PROGRESS_USER_VIEW(?, ?, ?, ?)}
        ]]> 
    </procedure>

    <procedure id="progress.user.view.chart1" parameterMap="pgUserVeCt1Map" resultClass="pgUserVeCt1">
        <![CDATA[
            {CALL P_W_GET_PROGRESS_UESR_CHART1(?, ?, ?, ?)}
        ]]> 
    </procedure>

    <procedure id="progress.user.view.chart2" parameterMap="pgUserVeCt2Map" resultClass="pgUserVeCt2">
        <![CDATA[
            {CALL P_W_GET_PROGRESS_UESR_CHART2(?, ?, ?, ?)}
        ]]> 
    </procedure>
        
    <procedure id="progress.project.chart" parameterMap="projectChartMap" resultClass="projectChart">
        <![CDATA[
            {CALL P_W_GET_PROJECT_CHART_LIST(?, ?, ?, ?)}
        ]]>
    </procedure>
    
    <procedure id="progress.user.chart" parameterMap="userChartMap" resultClass="userChart">
        <![CDATA[
            {CALL P_W_GET_USER_CHART_LIST(?, ?, ?, ?)}
        ]]>
    </procedure>
	
	<procedure id="progress.project.popup.total" parameterMap="pgProPuTotalMap" resultClass="pgProPuTotal">
        <![CDATA[
            {CALL P_W_GET_PROGRESS_POPUP(?, ?, ?, ?)}
        ]]>	
	</procedure>
	
	<procedure id="progress.project.popup.chart1" parameterMap="pgProPuCt1Map" resultClass="pgProPuCt1">
        <![CDATA[
            {CALL P_W_GET_PROGRESS_POPUP_CHART1(?, ?, ?, ?)}
        ]]>	
	</procedure>
	
	<procedure id="progress.project.popup.chart2" parameterMap="pgProPuCt2Map" resultClass="pgProPuCt2">
        <![CDATA[
            {CALL P_W_GET_PROGRESS_POPUP_CHART2(?, ?, ?, ?)}
        ]]>	
	</procedure>
	
	<procedure id="progress.project.popup.dataset" parameterMap="pgProPuDataMap" resultClass="pgProPuData">
        <![CDATA[
            {CALL P_W_GET_PROGRESS_POPUP_DATA(?, ?, ?, ?)}
        ]]>	
	</procedure>
	
	<statement id="progress.project.popup.user" parameterClass="string" resultClass="java.util.HashMap">
	    SELECT W.USER_ID
	         , U.USER_NM
	    FROM WRK_PROJECT_USER W
	    LEFT OUTER JOIN MST_USER U ON U.USER_ID = W.USER_ID
	    WHERE W.PROJECT_CD = #project_cd#
	      AND W.IS_EXPT = 'N'
	      AND W.DELETE_FG = 'N'
	</statement>
	
	<statement id="progress.project.popup.data" parameterClass="string" resultClass="java.util.HashMap">
        <![CDATA[
            WITH CODE_USR_V AS(
                SELECT '0' AS LBL FROM DUAL
                UNION ALL
                SELECT '1' AS LBL FROM DUAL
            ), USR_LIST AS (
                SELECT V.PROJECT_CD, V.IMAGE_ID, T.USER_ID, S.USER_NM, R.LBL
                  FROM WRK_LABELING_RESULT V, WRK_PROJECT_USER T, CODE_USR_V R, V_MST_USER S
                 WHERE V.PROJECT_CD = T.PROJECT_CD
                   AND T.USER_ID = S.USER_ID
                   AND TRIM(V.PROJECT_CD) = TRIM(#project_cd#)
                   AND T.IS_EXPT = 'N' 
            ), USR_V AS (
                SELECT * FROM (
                    SELECT IMAGE_ID, DECODE(RNK||LABEL_CD, 10, 'USER1_ACT',
                                                           11, 'USER1_RJT',
                                                           20, 'USER2_ACT',
                                                           21, 'USER2_RJT',
                                                           30, 'USER3_ACT',
                                                           31, 'USER3_RJT',
                                                           40, 'USER4_ACT',
                                                           41, 'USER4_RJT',
                                                           50, 'USER5_ACT',
                                                           51, 'USER5_RJT',
                                                           60, 'USER6_ACT',
                                                           61, 'USER6_RJT',
                                                           70, 'USER7_ACT',
                                                           71, 'USER7_RJT',
                                                           80, 'USER8_ACT',
                                                           81, 'USER8_RJT',
                                                           90, 'USER9_ACT',
                                                           91, 'USER9_RJT',
                                                           100, 'USER10_ACT',
                                                           101, 'USER10_RJT'  ) AS DIV, CNT FROM(
                        SELECT B.IMAGE_ID, B.USER_ID, B.USER_NM, B.LBL AS LABEL_CD, RANK() OVER(PARTITION BY B.IMAGE_ID,B.LBL ORDER BY B.USER_ID) AS RNK, COUNT(C.LABEL_CD) AS CNT
                          FROM USR_LIST B, WRK_LABELING_RESULT_SUB C
                         WHERE B.PROJECT_CD = C.PROJECT_CD(+)   
                           AND B.USER_ID = C.USER_ID(+)
                           AND B.IMAGE_ID = C.IMAGE_ID(+)
                           AND B.LBL = C.LABEL_CD(+)
                         GROUP BY B.IMAGE_ID, B.USER_ID, B.USER_NM, B.LBL
                     )
                ) PIVOT (
                    SUM(CNT)
                    FOR DIV IN ('USER1_ACT' AS USER1_ACT
                               ,'USER1_RJT' AS USER1_RJT
                               ,'USER2_ACT' AS USER2_ACT
                               ,'USER2_RJT' AS USER2_RJT
                               ,'USER3_ACT' AS USER3_ACT
                               ,'USER3_RJT' AS USER3_RJT
                               ,'USER4_ACT' AS USER4_ACT
                               ,'USER4_RJT' AS USER4_RJT
                               ,'USER5_ACT' AS USER5_ACT
                               ,'USER5_RJT' AS USER5_RJT
                               ,'USER6_ACT' AS USER6_ACT
                               ,'USER6_RJT' AS USER6_RJT
                               ,'USER7_ACT' AS USER7_ACT
                               ,'USER7_RJT' AS USER7_RJT
                               ,'USER8_ACT' AS USER8_ACT
                               ,'USER8_RJT' AS USER8_RJT
                               ,'USER9_ACT' AS USER9_ACT
                               ,'USER9_RJT' AS USER9_RJT
                               ,'USER10_ACT' AS USER10_ACT
                               ,'USER10_RJT' AS USER10_RJT
                               )
                )
            )
            SELECT ROWNUM AS ROW_NUM, A.*,B.ACT_SUM,B.RJT_SUM,B.X_SUM,B.NULL_SUM FROM USR_V A,(
            SELECT IMAGE_ID
                , SUM(ACT_SUM) AS ACT_SUM
                , SUM(RJT_SUM) AS RJT_SUM
                , SUM(X_SUM) AS X_SUM
                , SUM(NULL_SUM) AS NULL_SUM
            FROM  
            (
                SELECT IMAGE_ID,SUB_IMAGE_ID
                    , NVL(SUM(CASE WHEN TOT_CNT = ACT_CNT THEN 1 END),0) AS ACT_SUM
                    , NVL(SUM(CASE WHEN TOT_CNT = RJT_CNT THEN 1 END),0) AS RJT_SUM
                    , NVL(SUM(CASE WHEN TOT_CNT = ACT_CNT+RJT_CNT AND ACT_CNT > 0 AND RJT_CNT > 0 THEN 1 END),0) AS X_SUM
                    , NVL(SUM(CASE WHEN TOT_CNT >= NULL_CNT THEN 1 END),0) AS NULL_SUM
                  FROM
                (
                SELECT C.IMAGE_ID, C.SUB_IMAGE_ID
                    , COUNT(C.LABEL_CD) AS TOT_CNT
                    , SUM(CASE WHEN C.LABEL_CD = 0 THEN 1 END) AS ACT_CNT
                    , SUM(CASE WHEN C.LABEL_CD = 1 THEN 1 END) AS RJT_CNT
                    , SUM(CASE WHEN C.LABEL_CD IS NULL THEN 1 END) AS NULL_CNT
                  FROM WRK_LABELING_RESULT_SUB C
                 WHERE TRIM(C.PROJECT_CD) = TRIM(#project_cd#)
                 GROUP BY C.IMAGE_ID,C.SUB_IMAGE_ID
                )
                GROUP BY IMAGE_ID,SUB_IMAGE_ID
            )
            GROUP BY IMAGE_ID
            ) B
            WHERE A.IMAGE_ID = B.IMAGE_ID
            ORDER BY A.IMAGE_ID
        ]]>
	</statement>
	
	<!-- 전체 프로젝트 ACCEPT(PASS) 데이터셋 -->
     <statement id="progress.project.pass.exDownSelect" resultClass="java.util.HashMap">
        <![CDATA[
			SELECT PROJECT_CD, PROJECT_NM, IMAGE_ID
			FROM(
			    SELECT V.PROJECT_CD, V.PROJECT_NM, V.LABELING_ORD, V.TARGET_CD, V.IMAGE_ID, MAX(V.LABEL_CD) AS LABEL_CD
			    FROM V_WRK_LABELING_RESULT V
			    LEFT OUTER JOIN WRK_PROJECT_USER W
			    ON W.PROJECT_CD = V.PROJECT_CD AND W.USER_ID = V.USER_ID
			    WHERE W.DELETE_FG = 'N'
			      AND W.IS_EXPT = 'N'
			    GROUP BY V.PROJECT_CD, V.PROJECT_NM, V.LABELING_ORD, V.TARGET_CD, V.IMAGE_ID HAVING COUNT(DISTINCT NVL(V.LABEL_CD,9)) = 1
			    )
			WHERE LABEL_CD IS NOT NULL AND LABEL_CD = 0
			ORDER BY PROJECT_CD, IMAGE_ID
        ]]>
    </statement>
    
	<!-- 전체 프로젝트 REJECT(NON-PASS) 데이터셋 -->
     <statement id="progress.project.nonPass.exDownSelect" resultClass="java.util.HashMap">
        <![CDATA[
			SELECT PROJECT_CD, PROJECT_NM, IMAGE_ID
			FROM(
			    SELECT V.PROJECT_CD, V.PROJECT_NM, V.LABELING_ORD, V.TARGET_CD, V.IMAGE_ID, MAX(V.LABEL_CD) AS LABEL_CD
			    FROM V_WRK_LABELING_RESULT V
			    LEFT OUTER JOIN WRK_PROJECT_USER W
			    ON W.PROJECT_CD = V.PROJECT_CD AND W.USER_ID = V.USER_ID
			    WHERE W.DELETE_FG = 'N'
			      AND W.IS_EXPT = 'N'
			    GROUP BY V.PROJECT_CD, V.PROJECT_NM, V.LABELING_ORD, V.TARGET_CD, V.IMAGE_ID
			    )
			WHERE LABEL_CD IS NOT NULL AND LABEL_CD = 1
			ORDER BY PROJECT_CD, IMAGE_ID
        ]]>
    </statement>
    
	<!-- PASS/NON-PASS 건수 및 이미지 건수 -->
     <statement id="progress.project.pn.exDownSelect" resultClass="java.util.HashMap">
        <![CDATA[
		SELECT PROJECT_CD, PROJECT_NM, PASS_CNT, PASS_IMAGE_CNT, NON_PASS_CNT, NON_PASS_IMAGE_CNT
		  FROM (
				 SELECT '전체 프로젝트' AS PROJECT_CD, '합 계' AS PROJECT_NM
                      , SUM(T.PASS_CNT) AS PASS_CNT, SUM(T.PASS_IMAGE_CNT) AS PASS_IMAGE_CNT
                      , SUM(T.NON_PASS_CNT) AS NON_PASS_CNT, SUM(T.NON_PASS_IMAGE_CNT) AS NON_PASS_IMAGE_CNT
                   FROM 
                       (
                       SELECT A.PROJECT_CD, A.PROJECT_NM, A.PASS_CNT, A.PASS_IMAGE_CNT, B.NON_PASS_CNT, B.NON_PASS_IMAGE_CNT
                        FROM (
                         SELECT A.PROJECT_CD, A.PROJECT_NM, COUNT(A.IMAGE_ID) AS PASS_CNT, SUM(SUB_IMAGE_ID) AS PASS_IMAGE_CNT
                           FROM (
                                SELECT M.PROJECT_CD, M.PROJECT_NM, M.IMAGE_ID, COUNT(S.SUB_IMAGE_ID) AS SUB_IMAGE_ID
                             FROM(
                                 SELECT V.PROJECT_CD, V.PROJECT_NM, V.LABELING_ORD, V.TARGET_CD, V.IMAGE_ID, MAX(V.LABEL_CD) AS LABEL_CD
                                 FROM V_WRK_LABELING_RESULT V
                                 LEFT OUTER JOIN WRK_PROJECT_USER W ON W.PROJECT_CD = V.PROJECT_CD AND W.USER_ID = V.USER_ID
                                 WHERE W.DELETE_FG = 'N' AND W.IS_EXPT = 'N'
                                 GROUP BY V.PROJECT_CD, V.PROJECT_NM, V.LABELING_ORD, V.TARGET_CD, V.IMAGE_ID HAVING COUNT(DISTINCT NVL(V.LABEL_CD,9)) = 1
                                 ) M
                                 LEFT OUTER JOIN MST_SUB_IMAGE S ON S.PROJECT_CD = M.PROJECT_CD AND S.IMAGE_ID = M.IMAGE_ID
                             WHERE M.LABEL_CD IS NOT NULL AND M.LABEL_CD = 0
                                GROUP BY M.PROJECT_CD, M.PROJECT_NM, M.IMAGE_ID
                                ) A
                         GROUP BY A.PROJECT_CD, A.PROJECT_NM
                         
                         )A
                         FULL OUTER JOIN
                         (
                          SELECT A.PROJECT_CD, A.PROJECT_NM, COUNT(A.IMAGE_ID) AS NON_PASS_CNT, SUM(SUB_IMAGE_ID) AS NON_PASS_IMAGE_CNT
                           FROM (
                                SELECT M.PROJECT_CD, M.PROJECT_NM, M.IMAGE_ID, COUNT(S.SUB_IMAGE_ID) AS SUB_IMAGE_ID
                             FROM(
                                 SELECT V.PROJECT_CD, V.PROJECT_NM, V.LABELING_ORD, V.TARGET_CD, V.IMAGE_ID, MAX(V.LABEL_CD) AS LABEL_CD
                                 FROM V_WRK_LABELING_RESULT V
                                 LEFT OUTER JOIN WRK_PROJECT_USER W ON W.PROJECT_CD = V.PROJECT_CD AND W.USER_ID = V.USER_ID
                                 WHERE W.DELETE_FG = 'N' AND W.IS_EXPT = 'N'
                                 GROUP BY V.PROJECT_CD, V.PROJECT_NM, V.LABELING_ORD, V.TARGET_CD, V.IMAGE_ID
                                 ) M
                                 LEFT OUTER JOIN MST_SUB_IMAGE S ON S.PROJECT_CD = M.PROJECT_CD AND S.IMAGE_ID = M.IMAGE_ID
                             WHERE M.LABEL_CD IS NOT NULL AND M.LABEL_CD = 1
                             
                                GROUP BY M.PROJECT_CD, M.PROJECT_NM, M.IMAGE_ID       
                                ) A
                         GROUP BY A.PROJECT_CD, A.PROJECT_NM
                         )B
                         ON A.PROJECT_CD = B.PROJECT_CD 
                       ) T
				
				UNION ALL
				
				SELECT R.*
                  FROM (
						SELECT A.PROJECT_CD, A.PROJECT_NM, A.PASS_CNT, A.PASS_IMAGE_CNT, B.NON_PASS_CNT, B.NON_PASS_IMAGE_CNT
						    FROM (
							     SELECT A.PROJECT_CD, A.PROJECT_NM, COUNT(A.IMAGE_ID) AS PASS_CNT, SUM(SUB_IMAGE_ID) AS PASS_IMAGE_CNT
							       FROM (
							            SELECT M.PROJECT_CD, M.PROJECT_NM, M.IMAGE_ID, COUNT(S.SUB_IMAGE_ID) AS SUB_IMAGE_ID
							         FROM(
							             SELECT V.PROJECT_CD, V.PROJECT_NM, V.LABELING_ORD, V.TARGET_CD, V.IMAGE_ID, MAX(V.LABEL_CD) AS LABEL_CD
							             FROM V_WRK_LABELING_RESULT V
							             LEFT OUTER JOIN WRK_PROJECT_USER W ON W.PROJECT_CD = V.PROJECT_CD AND W.USER_ID = V.USER_ID
							             WHERE W.DELETE_FG = 'N' AND W.IS_EXPT = 'N'
							             GROUP BY V.PROJECT_CD, V.PROJECT_NM, V.LABELING_ORD, V.TARGET_CD, V.IMAGE_ID HAVING COUNT(DISTINCT NVL(V.LABEL_CD,9)) = 1
							             ) M
							             LEFT OUTER JOIN MST_SUB_IMAGE S ON S.PROJECT_CD = M.PROJECT_CD AND S.IMAGE_ID = M.IMAGE_ID
							         WHERE M.LABEL_CD IS NOT NULL AND M.LABEL_CD = 0
							            GROUP BY M.PROJECT_CD, M.PROJECT_NM, M.IMAGE_ID
							            ) A
							     GROUP BY A.PROJECT_CD, A.PROJECT_NM
							     ORDER BY A.PROJECT_CD, A.PROJECT_NM
							     
							     )A
							     FULL OUTER JOIN
							     (
							      SELECT A.PROJECT_CD, A.PROJECT_NM, COUNT(A.IMAGE_ID) AS NON_PASS_CNT, SUM(SUB_IMAGE_ID) AS NON_PASS_IMAGE_CNT
							       FROM (
							            SELECT M.PROJECT_CD, M.PROJECT_NM, M.IMAGE_ID, COUNT(S.SUB_IMAGE_ID) AS SUB_IMAGE_ID
							         FROM(
							             SELECT V.PROJECT_CD, V.PROJECT_NM, V.LABELING_ORD, V.TARGET_CD, V.IMAGE_ID, MAX(V.LABEL_CD) AS LABEL_CD
							             FROM V_WRK_LABELING_RESULT V
							             LEFT OUTER JOIN WRK_PROJECT_USER W ON W.PROJECT_CD = V.PROJECT_CD AND W.USER_ID = V.USER_ID
							             WHERE W.DELETE_FG = 'N' AND W.IS_EXPT = 'N'
							             GROUP BY V.PROJECT_CD, V.PROJECT_NM, V.LABELING_ORD, V.TARGET_CD, V.IMAGE_ID
							             ) M
							             LEFT OUTER JOIN MST_SUB_IMAGE S ON S.PROJECT_CD = M.PROJECT_CD AND S.IMAGE_ID = M.IMAGE_ID
							         WHERE M.LABEL_CD IS NOT NULL AND M.LABEL_CD = 1
							         
							            GROUP BY M.PROJECT_CD, M.PROJECT_NM, M.IMAGE_ID       
							            ) A
							     GROUP BY A.PROJECT_CD, A.PROJECT_NM
							     ORDER BY A.PROJECT_CD, A.PROJECT_NM
							     )B
				                ON A.PROJECT_CD = B.PROJECT_CD
				                ORDER BY A.PROJECT_CD, A.PROJECT_NM
				        ) R
			     )
		
        ]]>
    </statement>
    
	<!-- ACCEPT_REJECT 추가 -->
<!--     <statement id="progress.project.excelDown" parameterClass="java.util.Map" resultClass="java.util.HashMap">
        <![CDATA[
			SELECT DISTINCT PROJECT_CD, IMAGE_ID
			     , CASE WHEN LABEL_CD = 1 THEN 'REJECT'
			            WHEN LABEL_CD = 0 THEN 'ACCEPT'
			            ELSE ''
			        END AS ACCEPT_REJECT
			     , CASE WHEN LABEL_CD = 1 THEN SUB_IMAGE_ID
			            WHEN LABEL_CD = 0 THEN ''
			            ELSE ''
			        END AS SUB_IMAGE_ID
			     , LISTAGG(USER_NM, '/') WITHIN GROUP(ORDER BY USER_NM) AS USER_NM
			     , LISTAGG(NVL(MEMO,' '), '/') WITHIN GROUP(ORDER BY USER_NM) AS MEMO
			FROM (
			        SELECT V.PROJECT_CD, V.IMAGE_ID, V.SUB_IMAGE_ID, V.TARGET_CD, V.LABELING_ORD, V.USER_NM, V.LABEL_CD, V.MEMO
			        FROM V_WRK_LABELING_RESULT_SUB V, WRK_PROJECT_USER W
			        WHERE TRIM(V.PROJECT_CD) = TRIM(#project_cd#)
			          AND V.PROJECT_CD = W.PROJECT_CD
			          AND V.USER_ID = W.USER_ID
			          AND W.IS_EXPT = 'N'
			          AND LABEL_CD = 1
			        
			        UNION
			        
			        SELECT PROJECT_CD, IMAGE_ID, ' ' AS SUB_IMAGE_ID, TARGET_CD, LABELING_ORD, ' ' AS USER_NM, LABEL_CD, ' ' AS MEMO
			        FROM(
			            SELECT V.PROJECT_CD, V.LABELING_ORD, V.TARGET_CD, V.IMAGE_ID, MAX(V.LABEL_CD) AS LABEL_CD
			            FROM V_WRK_LABELING_RESULT V
			            LEFT OUTER JOIN WRK_PROJECT_USER W
			            ON W.PROJECT_CD = V.PROJECT_CD AND W.USER_ID = V.USER_ID
			            WHERE W.DELETE_FG = 'N'
			              AND W.IS_EXPT = 'N'
			              AND TRIM(V.PROJECT_CD) = TRIM(#project_cd#)
			            GROUP BY V.PROJECT_CD, V.LABELING_ORD, V.TARGET_CD, V.IMAGE_ID HAVING COUNT(DISTINCT NVL(V.LABEL_CD,9)) = 1
			            )
			        WHERE LABEL_CD IS NOT NULL
			          AND LABEL_CD = 0
			     ) 
			GROUP BY PROJECT_CD, IMAGE_ID, SUB_IMAGE_ID, TARGET_CD, LABELING_ORD, LABEL_CD
			ORDER BY PROJECT_CD, IMAGE_ID, SUB_IMAGE_ID
        ]]>
    </statement> -->
    
    <!-- Reject 건 이미지 리스트 조회 -->
    <statement id="progress.project.excelDown" parameterClass="java.util.Map" resultClass="java.util.HashMap">
        <![CDATA[
			SELECT PROJECT_CD, IMAGE_ID, SUB_IMAGE_ID
			     , LISTAGG(USER_NM, '/') WITHIN GROUP(ORDER BY USER_NM) AS USER_NM
			     , LISTAGG(NVL(MEMO,' '), '/') WITHIN GROUP(ORDER BY USER_NM) AS MEMO
			FROM (
			
			SELECT PROJECT_CD, IMAGE_ID, SUB_IMAGE_ID, TARGET_CD, LABELING_ORD, USER_NM, LABEL_CD, MEMO
			FROM V_WRK_LABELING_RESULT_SUB
			WHERE TRIM(PROJECT_CD) = TRIM(#project_cd#)
			  AND LABEL_CD = 1
			)
			GROUP BY PROJECT_CD, IMAGE_ID, SUB_IMAGE_ID, TARGET_CD, LABELING_ORD
			ORDER BY PROJECT_CD, IMAGE_ID, SUB_IMAGE_ID
        ]]>
    </statement>

    <statement id="progress.project.excelDown.cnt" parameterClass="java.util.Map" resultClass="int">
        <![CDATA[
            SELECT MAX(USER_CNT) AS USER_CNT
              FROM (
	            SELECT PROJECT_CD, IMAGE_ID, SUB_IMAGE_ID
	                 , LISTAGG(USER_NM, '/') WITHIN GROUP(ORDER BY USER_NM) AS USER_NM
	                 , LISTAGG(NVL(MEMO,' '), '/') WITHIN GROUP(ORDER BY USER_NM) AS MEMO
	                 , COUNT(USER_NM) AS USER_CNT
	            FROM (
	            
	            SELECT PROJECT_CD, IMAGE_ID, SUB_IMAGE_ID, TARGET_CD, LABELING_ORD, USER_NM, LABEL_CD, MEMO
	            FROM V_WRK_LABELING_RESULT_SUB
	            WHERE TRIM(PROJECT_CD) = TRIM(#project_cd#)
	              AND LABEL_CD = 1
	            )
	            GROUP BY PROJECT_CD, IMAGE_ID, SUB_IMAGE_ID, TARGET_CD, LABELING_ORD
	            ORDER BY PROJECT_CD, IMAGE_ID, SUB_IMAGE_ID
	         )
        ]]>
    </statement>

    <statement id="progress.project.list.excelDown" parameterClass="Map" resultClass="java.util.HashMap">
        <![CDATA[
           SELECT ROWNUM AS ROW_NUM, A.*
            FROM (
                SELECT P.PROJECT_CD
                     , P.PROJECT_NM
                     , COUNT(V.USER_ID) USER_CNT
                     , ROUND( NVL(SUM(V.WORK_CNT)/SUM(V.PSG_CNT),0) *100,2) TOTAL_PROGRESS
                     , NVL(SUM(V.WORK_CNT),0) || '/' || NVL(SUM(V.PSG_CNT),0) WORK_CNT
                     , NVL(SUM(V.PASS_CNT),0) || '/' || NVL(SUM(V.PSG_CNT),0) PASS_CNT
                     , NVL(SUM(V.FAIL_CNT),0) || '/' || NVL(SUM(V.PSG_CNT),0) FAIL_CNT
                FROM WKV_PROGRESS V
                RIGHT OUTER JOIN MSV_PROJECT P ON V.PROJECT_CD = P.PROJECT_CD
                WHERE (((#project_cd# = '' OR #project_cd# IS NULL) AND 1=1) OR (#project_cd# IS NOT NULL AND P.PROJECT_CD LIKE '%'|| #project_cd# ||'%'))
                  AND (((#complete_yn# = '' OR #complete_yn# IS NULL) AND 1=1) OR (#complete_yn# = 'Y' AND V.COMPLETE_YN = 'Y') OR (#complete_yn# = 'N' AND V.COMPLETE_YN = 'N'))
                GROUP BY P.PROJECT_CD, P.PROJECT_NM
                ORDER BY P.PROJECT_CD
            ) A
           
        ]]>
    </statement>
    
    
    <statement id="progress.user.list.excelDown" parameterClass="Map" resultClass="java.util.HashMap">
        <![CDATA[
          SELECT ROWNUM AS ROW_NUM, A.*
            FROM (
                SELECT V.USER_ID
                     , V.USER_NM AS USER_NM
                     , (SELECT COUNT(*) FROM WRK_PROJECT_USER P WHERE P.USER_ID = V.USER_ID AND P.DELETE_FG = 'N') || ' 건' AS PROJECT_CNT
                     , ROUND( NVL(SUM(WORK_CNT)/SUM(ASSIGN_CNT),0) *100,2) AS TOTAL_PROGRESS
                     , NVL(SUM(ASSIGN_CNT),0) || ' 건' AS PSG_CNT
                     , NVL(SUM(WORK_CNT),0) || ' 건' AS PSG_COMPLETE
                     , NVL(SUM(ASSIGN_CNT) - SUM(WORK_CNT),0) || ' 건' AS PSG_UNCOMPLETE
                FROM MST_USER V
                LEFT OUTER JOIN WKV_USER_ASSIGN W
                ON W.USER_ID = V.USER_ID
                WHERE 1=1
                  AND (((#delete_fg# = '' OR #delete_fg# IS NULL) AND 1=1) OR (#delete_fg# = 'Y' AND V.DELETE_FG = 'Y') OR (#delete_fg# = 'N' AND V.DELETE_FG = 'N')) 
                GROUP BY V.USER_ID, V.USER_NM
                ORDER BY V.USER_ID
                ) A
            WHERE (((#user_info# = '' OR #user_info# IS NULL) AND 1=1) OR (#user_info# IS NOT NULL AND A.USER_ID LIKE '%'|| #user_info# ||'%') OR (#user_info# IS NOT NULL AND A.USER_NM LIKE '%'|| #user_info# ||'%'))

           
        ]]>
    </statement>
	
</sqlMap>
