<?xml version="1.0" encoding="UTF-8"?>
<!DOCTYPE sqlMap PUBLIC "-//iBATIS.com//DTD SQL Map 2.0//EN" "http://www.ibatis.com/dtd/sql-map-2.dtd">

<sqlMap namespace="Psg">

    <typeAlias alias="egovMap"  type="egovframework.rte.psl.dataaccess.util.EgovMap"/>
    <typeAlias alias="psgVideo" type="com.ubizit.mla.model.PsgVideoVO" />
    <typeAlias alias="psgEvent" type="com.ubizit.mla.model.PsgEventVO" />
	
	<resultMap id="psgVideoVO" class="com.ubizit.mla.model.PsgVideoVO">
		<result property="project_cd"         column="PROJECT_CD"        />   
		<result property="project_nm"         column="PROJECT_NM"        />   
		<result property="psg_id"             column="PSG_ID"            />   
		<result property="image_reg_cnt"      column="IMAGE_REG_CNT"     />   
		<result property="event_cnt"          column="EVENT_CNT"         />   
		<result property="auto_load_fg"       column="AUTO_LOAD_FG"      />
		<result property="video_file_path"    column="VIDEO_FILE_PATH"   />   
		<result property="tar_file_path"      column="TAR_FILE_PATH"     />
	</resultMap>
	
	<resultMap id="psgDiVO" class="com.ubizit.mla.model.PsgDiVO">
	    <result property="project_cd"         column="project_cd"        />
	    <result property="psg_id"             column="psg_id"            />
	    <result property="di_gender"          column="di_gender"         />
	    <result property="di_age"             column="di_age"            />
	    <result property="di_bmi"             column="di_bmi"            />
	    <result property="di_tot_sleep_time"  column="di_tot_sleep_time" />
	    <result property="di_sleep_effi"      column="di_sleep_effi"     />
	    <result property="di_sleep_latency"   column="di_sleep_latency"  />
	    <result property="di_ahi"             column="di_ahi"            />
	    <result property="di_tot_lm_index"    column="di_tot_lm_index"   />
	    <result property="di_tot_lm_arou"     column="di_tot_lm_arou"    />
	    <result property="di_arou_index"      column="di_arou_index"     />
	    <result property="di_rdi"             column="di_rdi"            />
	    <result property="di_oxy_satu_avg"    column="di_oxy_satu_avg"   />
	    <result property="di_oxy_satu_min"    column="di_oxy_satu_min"   />
	</resultMap>
    
    <resultMap id="psgEventVO" class="com.ubizit.mla.model.PsgEventVO">
        <result property="event_tp"           column="EVENT_TP"          />   
        <result property="event_tp_nm"        column="EVENT_TP_NM"       />   
        <result property="event_nm"           column="EVENT_NM"          />   
        <result property="event_note"         column="EVENT_NOTE"        />   
        <result property="use_yn"             column="USE_YN"            />   
    </resultMap>
    	
	<parameterMap id="psgCommMap" class="map">
	    <parameter property="p_rcv_json" javaType="java.lang.String"   jdbcType="VARCHAR"      mode="IN"    />
        <parameter property="p_ret_code" javaType="java.lang.Integer"  jdbcType="DECIMAL"      mode="OUT"   />
        <parameter property="p_ret_msg"  javaType="java.lang.String"   jdbcType="VARCHAR"      mode="OUT"   />
	</parameterMap>
	
	<parameterMap id="psgVideoMap" class="map">
	    <parameter property="p_rcv_json" javaType="java.lang.String"   jdbcType="VARCHAR"      mode="IN"    />
        <parameter property="p_ret_code" javaType="java.lang.Integer"  jdbcType="DECIMAL"      mode="OUT"   />
        <parameter property="p_ret_msg"  javaType="java.lang.String"   jdbcType="VARCHAR"      mode="OUT"   />
        <parameter property="p_ret_json" javaType="java.sql.ResultSet" jdbcType="ORACLECURSOR" mode="OUT" resultMap="psgVideoVO"/>
	</parameterMap>
	
	<parameterMap id="psgEventMap" class="map">
	    <parameter property="p_rcv_json" javaType="java.lang.String"   jdbcType="VARCHAR"      mode="IN"    />
        <parameter property="p_ret_code" javaType="java.lang.Integer"  jdbcType="DECIMAL"      mode="OUT"   />
        <parameter property="p_ret_msg"  javaType="java.lang.String"   jdbcType="VARCHAR"      mode="OUT"   />
        <parameter property="p_ret_json" javaType="java.sql.ResultSet" jdbcType="ORACLECURSOR" mode="OUT" resultMap="psgEventVO"/>
	</parameterMap>

    <statement id="psg.di.search" parameterClass="Map" resultMap="psgDiVO">
        SELECT * FROM MST_DI_INFO
        WHERE PROJECT_CD = #project_cd# AND PSG_ID = #psg_id#
    </statement>

    <statement id="psg.event.list" resultClass="egovMap">
        SELECT EVENT_TP, EVENT_TP_NM FROM MST_EVENT_TYPE
    </statement>

    <statement id="psgDAO.eventTypeList" resultClass="egovMap">
        <![CDATA[
            SELECT EVENT_TP, EVENT_TP_NM FROM MST_EVENT_TYPE ORDER BY EVENT_TP
        ]]>
    </statement>

    <statement id="psg.event.excelDown" resultClass="java.util.HashMap">
        <![CDATA[
            SELECT  E.USE_YN as USE_YN, T.EVENT_TP_NM as EVENT_TP_NM, E.EVENT_NM as EVENT_NM, E.EVENT_NOTE as EVENT_NOTE
            FROM MST_EVENT E, MST_EVENT_TYPE T
            WHERE E.EVENT_TP = T.EVENT_TP
            ORDER BY T.EVENT_TP, E.EVENT_NM
        ]]>
    </statement>    

    <statement id="psg.video.excelDown" parameterClass="Map" resultClass="java.util.HashMap">
        <![CDATA[
            SELECT PROJECT_CD
                 , (SELECT PROJECT_NM FROM MSV_PROJECT WHERE PROJECT_CD = P.PROJECT_CD) PROJECT_NM
                 , PSG_ID, IMAGE_REG_CNT, EVENT_CNT
                 , AUTO_LOAD_FG, VIDEO_FILE_PATH, TAR_FILE_PATH
            FROM MST_PSG P
            WHERE (((#project_cd# = '' OR #project_cd# IS NULL) AND 1=1) OR (#project_cd# IS NOT NULL AND P.PROJECT_CD LIKE '%'|| #project_cd# ||'%'))
            ORDER BY PROJECT_CD, PSG_ID
        ]]>
    </statement>
    
	<procedure id="psg.video.search" parameterMap="psgVideoMap" resultClass="psgVideo">
	    <![CDATA[
	        {CALL P_W_GET_PSG_VIDEO_LIST(?, ?, ?, ?)}
 	    ]]>
	</procedure>
	
	<procedure id="psg.event.search" parameterMap="psgEventMap" resultClass="psgEvent">
	    <![CDATA[
	        {CALL P_W_GET_PSG_EVENT_LIST(?, ?, ?, ?)}
 	    ]]>
	</procedure>
	
	<procedure id="psg.event.update" parameterMap="psgCommMap">
        <![CDATA[ 
            {CALL P_W_UPDATE_PSG_EVENT_LIST(?, ?, ?)}
        ]]>
    </procedure>
	
	<procedure id="psg.eventTp.update" parameterMap="psgCommMap">
        <![CDATA[
            {CALL P_W_UPDATE_PSG_EVENT_TYPE(?, ?, ?)}
        ]]>
    </procedure>
	
</sqlMap>
