<?xml version="1.0" encoding="UTF-8"?>
<!DOCTYPE sqlMap PUBLIC "-//iBATIS.com//DTD SQL Map 2.0//EN" "http://www.ibatis.com/dtd/sql-map-2.dtd">

<sqlMap namespace="User">

    <typeAlias  alias="egovMap" type="egovframework.rte.psl.dataaccess.util.EgovMap"/>
    <typeAlias alias="user" type="com.ubizit.mla.model.UserVO" />
    
    <resultMap id="userVO" class="com.ubizit.mla.model.UserVO">
	    <result property="user_id"      column="USER_ID" />
	    <result property="user_nm"      column="USER_NM" />
	    <result property="is_manager"   column="IS_MANAGER" />
	    <result property="delete_fg"    column="DELETE_FG" />
	    <result property="reg_user_id"  column="REG_USER_ID" />
	    <result property="passwd"       column="PASSWD" />
    </resultMap>

    <parameterMap id="userCommMap" class="map">
        <parameter property="p_rcv_json" javaType="java.lang.String"   jdbcType="VARCHAR"      mode="IN"    />
        <parameter property="p_ret_code" javaType="java.lang.Integer"  jdbcType="DECIMAL"      mode="OUT"   />
        <parameter property="p_ret_msg"  javaType="java.lang.String"   jdbcType="VARCHAR"      mode="OUT"   />
    </parameterMap>
	
	<parameterMap id="userMap" class="map">
        <parameter property="p_rcv_json" javaType="java.lang.String"   jdbcType="VARCHAR"      mode="IN"    />
        <parameter property="p_ret_code" javaType="java.lang.Integer"  jdbcType="DECIMAL"      mode="OUT"   />
        <parameter property="p_ret_msg"  javaType="java.lang.String"   jdbcType="VARCHAR"      mode="OUT"   />
        <parameter property="p_ret_json" javaType="java.sql.ResultSet" jdbcType="ORACLECURSOR" mode="OUT" resultMap="userVO"/>
	</parameterMap>

     <statement id="manage.user.excelDown" parameterClass="Map" resultClass="java.util.HashMap">
        <![CDATA[
            SELECT V.USER_ID, V.USER_NM, V.IS_MANAGER
                 , NVL((SELECT USER_NM FROM MSV_USER U WHERE V.REG_USER_ID = U.USER_ID), V.REG_USER_ID) REG_USER_ID
                 , V.DELETE_FG
            FROM MST_USER V
            WHERE (((#userId# = '' OR #userId# IS NULL) AND 1=1) OR (#userId# IS NOT NULL AND V.USER_ID LIKE '%'|| #userId# ||'%'))
              AND (((#userNm# = '' OR #userNm# IS NULL) AND 1=1) OR (#userNm# IS NOT NULL AND V.USER_NM LIKE '%'|| #userNm# ||'%'))
            ORDER BY V.USER_ID   
        ]]>
    </statement>
	
    <procedure id="user.search" parameterMap="userMap" resultClass="user">
        <![CDATA[
            {CALL P_W_GET_USER_LIST(?, ?, ?, ?)}
        ]]>
    </procedure>
    
    <procedure id="user.save" parameterMap="userCommMap" >
        <![CDATA[
            {CALL P_W_UPDATE_USER_LIST(?, ?, ?)}
        ]]>
    </procedure>	
	
</sqlMap>
