<?xml version="1.0" encoding="UTF-8"?>
<beans xmlns="http://www.springframework.org/schema/beans"
       xmlns:xsi="http://www.w3.org/2001/XMLSchema-instance"
       xmlns:p="http://www.springframework.org/schema/p"
       xmlns:context="http://www.springframework.org/schema/context"
       xmlns:mvc="http://www.springframework.org/schema/mvc"
       xsi:schemaLocation="http://www.springframework.org/schema/beans
                           http://www.springframework.org/schema/beans/spring-beans-4.0.xsd
                           http://www.springframework.org/schema/context
                           http://www.springframework.org/schema/context/spring-context-4.0.xsd
                           http://www.springframework.org/schema/mvc
                           http://www.springframework.org/schema/mvc/spring-mvc-4.0.xsd">

    <!-- annotaion 기반 spring mvc 설정 모음 -->
    <mvc:annotation-driven />
    <mvc:default-servlet-handler />
<!--     <mvc:resources location="/mnt/hgfs/host/moila_data/" mapping="/image"/> -->

    <!--  Interceptor 설정 -->
<!--     <mvc:interceptors> -->
<!--         <mvc:interceptor> -->
<!--         <mvc:mapping path="/**/*.do" /> -->
<!--         <mvc:exclude-mapping path="/loginView.do" /> -->
<!--         <mvc:exclude-mapping path="/login.do" /> -->
<!--         <mvc:exclude-mapping path="/logOut.do" /> -->
<!--         <mvc:exclude-mapping path="/errorPage.do" /> -->
<!--         <bean id="interceptor" class="com.ubizit.mla.web.Interceptor"></bean> -->
<!--         </mvc:interceptor> -->
<!--     </mvc:interceptors> -->

    <!-- view resolver -->
    <bean class="org.springframework.web.servlet.view.BeanNameViewResolver">
      <property name="order" value="0"/>
    </bean>

    <context:component-scan base-package="com.ubizit.ila">
        <context:include-filter type="annotation" expression="org.springframework.stereotype.Controller"/>
        <context:exclude-filter type="annotation" expression="org.springframework.stereotype.Service"/>
        <context:exclude-filter type="annotation" expression="org.springframework.stereotype.Repository"/>
    </context:component-scan>


	<bean class="org.springframework.web.servlet.mvc.annotation.AnnotationMethodHandlerAdapter">
	    <property name="alwaysUseFullPath" value="true"></property>
	</bean>
	 
	<bean class="org.springframework.web.servlet.mvc.annotation.DefaultAnnotationHandlerMapping">
	    <property name="alwaysUseFullPath" value="true"></property>
	</bean>

    <bean class="org.springframework.web.servlet.mvc.method.annotation.RequestMappingHandlerMapping">
        <property name="interceptors">
            <list>
                <ref bean="localeChangeInterceptor" />
            </list>
        </property>
    </bean>

    <bean id="localeResolver" class="org.springframework.web.servlet.i18n.SessionLocaleResolver" />
    <!-- 쿠키를 이용한 Locale 이용시 <bean id="localeResolver" class="org.springframework.web.servlet.i18n.CookieLocaleResolver"/> -->
    <bean id="localeChangeInterceptor" class="org.springframework.web.servlet.i18n.LocaleChangeInterceptor">
        <property name="paramName" value="language" />
    </bean>

    <bean class="org.springframework.web.servlet.handler.SimpleMappingExceptionResolver">
        <property name="defaultErrorView" value="cmmn/error"/>
        <property name="exceptionMappings">
            <props>
                <prop key="org.springframework.dao.DataAccessException">cmmn/dataAccessFailure</prop>
                <prop key="org.springframework.transaction.TransactionException">cmmn/transactionFailure</prop>
                <prop key="egovframework.rte.fdl.cmmn.exception.EgovBizException">cmmn/error</prop>
                <prop key="org.springframework.security.AccessDeniedException">cmmn/error</prop>
            </props>
        </property>
    </bean>

	<mvc:annotation-driven>
	    <mvc:message-converters>
	        <!-- @ResponseBody로 String 처리할때 한글처리 -->
	        <bean class="org.springframework.http.converter.StringHttpMessageConverter">
	            <property name="supportedMediaTypes">
	                <list>
	                    <value>text/html;charset=UTF-8</value>
	                </list>
	            </property>
	        </bean>
	    </mvc:message-converters>
	</mvc:annotation-driven>



    <bean class="org.springframework.web.servlet.view.InternalResourceViewResolver">
        <property name="prefix" value="/WEB-INF/" />
        <property name="suffix" value=".jsp" />
        <property name="order" value="2" />
        <property name="contentType" value="text/html; charset=UTF-8"/>
    </bean>

    <bean id="multipartResolver"  class="org.springframework.web.multipart.commons.CommonsMultipartResolver">
         <!-- 최대업로드 가능한 바이트크기 -->
<!--          <property name="maxUploadSize" value="52428800" /> -->
         <property name="maxUploadSize" value="10000000000" />
         <!-- 디스크에 임시 파일을 생성하기 전에 메모리에 보관할수있는 최대 바이트 크기 -->
         <!-- property name="maxInMemorySize" value="52428800" / -->
         <!-- defaultEncoding -->
         <property name="defaultEncoding" value="utf-8" />
    </bean>


</beans>