<?xml version="1.0" encoding="UTF-8"?>

<!DOCTYPE tiles-definitions PUBLIC
       "-//Apache Software Foundation//DTD Tiles Configuration 3.0//EN"
       "http://tiles.apache.org/dtds/tiles-config_3_0.dtd">
       
<tiles-definitions>
    
    <definition name="popup.layout" template="/WEB-INF/view/tiles/popup_layout.jsp">
        <put-attribute name="script" value="/WEB-INF/view/tiles/script.jsp" />
        <put-attribute name="body" value="" />
    </definition>
    
	<definition name="main.layout" template="/WEB-INF/view/tiles/main_layout.jsp">
		<put-attribute name="script" value="/WEB-INF/view/tiles/script.jsp" />
        <put-attribute name="header" value="/WEB-INF/view/tiles/header.jsp" />
        <put-attribute name="body" value="" />
        <put-attribute name="menu" value="/WEB-INF/view/tiles/menu.jsp" />
        <put-attribute name="footer" value="/WEB-INF/view/tiles/footer.jsp" />
	</definition>
	
	<definition name="layout" template="/WEB-INF/view/tiles/layout.jsp">
		<put-attribute name="script" value="/WEB-INF/view/tiles/script.jsp" />
        <put-attribute name="header" value="/WEB-INF/view/tiles/header.jsp" />
        <put-attribute name="body" value="" />
        <put-attribute name="menu" value="/WEB-INF/view/tiles/menu.jsp" />
        <put-attribute name="footer" value="/WEB-INF/view/tiles/footer.jsp" />
	</definition>

    <definition name="open" extends="popup.layout">
        <put-attribute name="body" value="/WEB-INF/view/login/open.jsp"/>
    </definition>
    
    <!-- Login (로그인) -->
    <definition name="login" extends="popup.layout">
        <put-attribute name="body" value="/WEB-INF/view/login/login.jsp"/>
    </definition>
    
    <!-- error (에러 페이지 호출) -->
    <definition name="errorPage" extends="popup.layout">
        <put-attribute name="body" value="/WEB-INF/view/cmmn/error.jsp"/>
    </definition>

    <!-- Analysis (분석) -->
	<definition name="analysis_list" extends="layout">
	   <put-attribute name="body" value="/WEB-INF/view/mla/analysis/analysis_list.jsp"/>
	</definition>
	
	<definition name="analysis_view" extends="layout">
	   <put-attribute name="body" value="/WEB-INF/view/mla/analysis/analysis_view.jsp"/>
	</definition>
	
	<definition name="analysis_write" extends="popup.layout">
	   <put-attribute name="body" value="/WEB-INF/view/mla/analysis/analysis_write.jsp"/>
	</definition>
	
    <!-- Error (에러) -->
	<definition name="error_list" extends="layout">
	   <put-attribute name="body" value="/WEB-INF/view/mla/error/error_list.jsp"/>
	</definition>
	
    <!-- Main (메인-대쉬보드) -->
    <definition name="main_list" extends="main.layout">
       <put-attribute name="body" value="/WEB-INF/view/mla/main/main_list.jsp"/>
    </definition>

    <!-- Project (프로젝트) -->
    <definition name="project_list" extends="layout">
       <put-attribute name="body" value="/WEB-INF/view/mla/project/project_list.jsp"/>
    </definition>
    
    <definition name="project_view" extends="popup.layout">
       <put-attribute name="body" value="/WEB-INF/view/mla/project/project_view.jsp"/>
    </definition>
    
    <definition name="project_write" extends="popup.layout">
       <put-attribute name="body" value="/WEB-INF/view/mla/project/project_write.jsp"/>
    </definition>
    
    <definition name="project_popup" extends="popup.layout">
        <put-attribute name="body" value="/WEB-INF/view/mla/project/project_popup.jsp"/>
    </definition>

    <!-- Psg -->
    <definition name="psg_video_list" extends="layout">
       <put-attribute name="body" value="/WEB-INF/view/mla/psg/psg_video_list.jsp"/>
    </definition>
    
    <definition name="psg_event_list" extends="layout">
       <put-attribute name="body" value="/WEB-INF/view/mla/psg/psg_event_list.jsp"/>
    </definition>
    
    <definition name="psg_event_popup" extends="popup.layout">
       <put-attribute name="body" value="/WEB-INF/view/mla/psg/psg_event_popup.jsp"/>
    </definition>
    
    <!-- Progress (진행률) -->
    <definition name="progress_project_list" extends="layout">
       <put-attribute name="body" value="/WEB-INF/view/mla/progress/progress_project_list.jsp"/>
    </definition>  
      
    <definition name="progress_project_popup" extends="popup.layout">
       <put-attribute name="body" value="/WEB-INF/view/mla/progress/progress_project_popup.jsp"/>
    </definition>
        
    <definition name="progress_user_list" extends="layout">
       <put-attribute name="body" value="/WEB-INF/view/mla/progress/progress_user_list.jsp"/>
    </definition>    
    
    <definition name="progress_user_popup" extends="popup.layout">
       <put-attribute name="body" value="/WEB-INF/view/mla/progress/progress_user_popup.jsp"/>
    </definition> 
    
    <definition name="progress_project_view" extends="layout">
       <put-attribute name="body" value="/WEB-INF/view/mla/progress/progress_project_view.jsp"/>
    </definition>
    
    <definition name="progress_user_view" extends="layout">
       <put-attribute name="body" value="/WEB-INF/view/mla/progress/progress_user_view.jsp"/>
    </definition> 
    
    <!-- User (회원) -->
    <definition name="user_list" extends="layout">
       <put-attribute name="body" value="/WEB-INF/view/mla/user/user_list.jsp"/>
    </definition>
    
    <definition name="user_view" extends="popup.layout">
       <put-attribute name="body" value="/WEB-INF/view/mla/user/user_view.jsp"/>
    </definition>
    
    <definition name="user_write" extends="popup.layout">
       <put-attribute name="body" value="/WEB-INF/view/mla/user/user_write.jsp"/>
    </definition>

    <!-- Mission (과제) -->
    <definition name="mission" extends="layout">
       <put-attribute name="body" value="/WEB-INF/view/mla/mission/mission.jsp"/>
    </definition>
	
</tiles-definitions> 
  
  